[INFO] [launch]: All log files can be found below /root/.ros/log/2026-09-13-15-08-56-045364-Tek-2521
[INFO] [launch]: Default logging verbosity is set to INFO
[simulation.launch] REPRODUCIBLE_SCENE_SEED=23
[simulation.launch] 30 contact bridges configured
[INFO] [perception_node-6]: process started with pid [2532]
[INFO] [manipulation_node-7]: process started with pid [2534]
[INFO] [navigation_node-8]: process started with pid [2536]
[INFO] [task_manager-9]: process started with pid [2538]
[INFO] [gz-1]: process started with pid [2522]
[INFO] [robot_state_publisher-2]: process started with pid [2524]
[INFO] [parameter_bridge-3]: process started with pid [2526]
[INFO] [parameter_bridge-4]: process started with pid [2528]
[INFO] [parameter_bridge-5]: process started with pid [2530]
[parameter_bridge-3] [INFO] [1789312136.313827483] [ros_gz_bridge]: Creating GZ->ROS Bridge: [/clock (gz.msgs.Clock) -> /clock (rosgraph_msgs/msg/Clock)] (Lazy 0)
[parameter_bridge-3] [INFO] [1789312136.314240287] [ros_gz_bridge]: Creating ROS->GZ Bridge: [/cmd_vel (geometry_msgs/msg/Twist) -> /cmd_vel (gz.msgs.Twist)] (Lazy 0)
[parameter_bridge-3] [INFO] [1789312136.314903838] [ros_gz_bridge]: Creating GZ->ROS Bridge: [/odom (gz.msgs.Odometry) -> /odom (nav_msgs/msg/Odometry)] (Lazy 0)
[parameter_bridge-3] [INFO] [1789312136.315314713] [ros_gz_bridge]: Creating GZ->ROS Bridge: [/odom_tf (gz.msgs.Pose_V) -> /odom_tf (tf2_msgs/msg/TFMessage)] (Lazy 0)
[parameter_bridge-3] [INFO] [1789312136.315742859] [ros_gz_bridge]: Creating GZ->ROS Bridge: [/scan_front_raw (gz.msgs.LaserScan) -> /scan_front_raw (sensor_msgs/msg/LaserScan)] (Lazy 0)
[parameter_bridge-3] [INFO] [1789312136.316315640] [ros_gz_bridge]: Creating GZ->ROS Bridge: [/scan_rear_raw (gz.msgs.LaserScan) -> /scan_rear_raw (sensor_msgs/msg/LaserScan)] (Lazy 0)
[parameter_bridge-3] [INFO] [1789312136.316598941] [ros_gz_bridge]: Creating GZ->ROS Bridge: [/base_imu (gz.msgs.IMU) -> /base_imu (sensor_msgs/msg/Imu)] (Lazy 0)
[parameter_bridge-3] [INFO] [1789312136.316850432] [ros_gz_bridge]: Creating GZ->ROS Bridge: [/world/erc_world/model/erc_collection_bin/link/collection_bin_base_link/sensor/bin_contact_sensor/contact (gz.msgs.Contacts) -> /world/erc_world/model/erc_collection_bin/link/collection_bin_base_link/sensor/bin_contact_sensor/contact (ros_gz_interfaces/msg/Contacts)] (Lazy 0)
[robot_state_publisher-2] [INFO] [1789312136.340841738] [robot_state_publisher]: got segment arm_left_1_link
[robot_state_publisher-2] [INFO] [1789312136.340976805] [robot_state_publisher]: got segment arm_left_2_link
[robot_state_publisher-2] [INFO] [1789312136.340988004] [robot_state_publisher]: got segment arm_left_3_link
[robot_state_publisher-2] [INFO] [1789312136.340995121] [robot_state_publisher]: got segment arm_left_4_link
[robot_state_publisher-2] [INFO] [1789312136.341001147] [robot_state_publisher]: got segment arm_left_5_link
[robot_state_publisher-2] [INFO] [1789312136.341007177] [robot_state_publisher]: got segment arm_left_6_link
[robot_state_publisher-2] [INFO] [1789312136.341012930] [robot_state_publisher]: got segment arm_left_7_link
[robot_state_publisher-2] [INFO] [1789312136.341018804] [robot_state_publisher]: got segment arm_left_tool_link
[robot_state_publisher-2] [INFO] [1789312136.341025395] [robot_state_publisher]: got segment arm_right_1_link
[robot_state_publisher-2] [INFO] [1789312136.341031360] [robot_state_publisher]: got segment arm_right_2_link
[robot_state_publisher-2] [INFO] [1789312136.341037276] [robot_state_publisher]: got segment arm_right_3_link
[robot_state_publisher-2] [INFO] [1789312136.341042923] [robot_state_publisher]: got segment arm_right_4_link
[robot_state_publisher-2] [INFO] [1789312136.341048449] [robot_state_publisher]: got segment arm_right_5_link
[robot_state_publisher-2] [INFO] [1789312136.341053959] [robot_state_publisher]: got segment arm_right_6_link
[robot_state_publisher-2] [INFO] [1789312136.341059894] [robot_state_publisher]: got segment arm_right_7_link
[robot_state_publisher-2] [INFO] [1789312136.341065376] [robot_state_publisher]: got segment arm_right_tool_link
[robot_state_publisher-2] [INFO] [1789312136.341070979] [robot_state_publisher]: got segment base_antenna_left_link
[robot_state_publisher-2] [INFO] [1789312136.341076891] [robot_state_publisher]: got segment base_antenna_right_link
[robot_state_publisher-2] [INFO] [1789312136.341083207] [robot_state_publisher]: got segment base_dock_link
[robot_state_publisher-2] [INFO] [1789312136.341088943] [robot_state_publisher]: got segment base_footprint
[robot_state_publisher-2] [INFO] [1789312136.341094560] [robot_state_publisher]: got segment base_front_laser_link
[robot_state_publisher-2] [INFO] [1789312136.341100328] [robot_state_publisher]: got segment base_imu_link
[robot_state_publisher-2] [INFO] [1789312136.341106024] [robot_state_publisher]: got segment base_link
[robot_state_publisher-2] [INFO] [1789312136.341111615] [robot_state_publisher]: got segment base_rear_laser_link
[robot_state_publisher-2] [INFO] [1789312136.341117275] [robot_state_publisher]: got segment eye_left_link
[robot_state_publisher-2] [INFO] [1789312136.341123044] [robot_state_publisher]: got segment eye_right_link
[robot_state_publisher-2] [INFO] [1789312136.341129064] [robot_state_publisher]: got segment gripper_left_base_finger_left_link
[robot_state_publisher-2] [INFO] [1789312136.341135281] [robot_state_publisher]: got segment gripper_left_base_finger_right_link
[robot_state_publisher-2] [INFO] [1789312136.341141152] [robot_state_publisher]: got segment gripper_left_base_link
[robot_state_publisher-2] [INFO] [1789312136.341147180] [robot_state_publisher]: got segment gripper_left_fingertip_left_link
[robot_state_publisher-2] [INFO] [1789312136.341152704] [robot_state_publisher]: got segment gripper_left_fingertip_right_link
[robot_state_publisher-2] [INFO] [1789312136.341158246] [robot_state_publisher]: got segment gripper_left_grasping_link
[robot_state_publisher-2] [INFO] [1789312136.341163981] [robot_state_publisher]: got segment gripper_left_inner_finger_left_link
[robot_state_publisher-2] [INFO] [1789312136.341170801] [robot_state_publisher]: got segment gripper_left_inner_finger_right_link
[robot_state_publisher-2] [INFO] [1789312136.341176734] [robot_state_publisher]: got segment gripper_left_outer_finger_left_link
[robot_state_publisher-2] [INFO] [1789312136.341182277] [robot_state_publisher]: got segment gripper_left_outer_finger_right_link
[robot_state_publisher-2] [INFO] [1789312136.341188063] [robot_state_publisher]: got segment gripper_left_screw_left_link
[robot_state_publisher-2] [INFO] [1789312136.341194001] [robot_state_publisher]: got segment gripper_left_screw_right_link
[robot_state_publisher-2] [INFO] [1789312136.341199588] [robot_state_publisher]: got segment gripper_right_base_finger_left_link
[robot_state_publisher-2] [INFO] [1789312136.341205117] [robot_state_publisher]: got segment gripper_right_base_finger_right_link
[robot_state_publisher-2] [INFO] [1789312136.341210834] [robot_state_publisher]: got segment gripper_right_base_link
[robot_state_publisher-2] [INFO] [1789312136.341216623] [robot_state_publisher]: got segment gripper_right_fingertip_left_link
[robot_state_publisher-2] [INFO] [1789312136.341222275] [robot_state_publisher]: got segment gripper_right_fingertip_right_link
[robot_state_publisher-2] [INFO] [1789312136.341227948] [robot_state_publisher]: got segment gripper_right_grasping_link
[robot_state_publisher-2] [INFO] [1789312136.341233565] [robot_state_publisher]: got segment gripper_right_inner_finger_left_link
[robot_state_publisher-2] [INFO] [1789312136.341239270] [robot_state_publisher]: got segment gripper_right_inner_finger_right_link
[robot_state_publisher-2] [INFO] [1789312136.341285461] [robot_state_publisher]: got segment gripper_right_outer_finger_left_link
[robot_state_publisher-2] [INFO] [1789312136.341293806] [robot_state_publisher]: got segment gripper_right_outer_finger_right_link
[robot_state_publisher-2] [INFO] [1789312136.341300231] [robot_state_publisher]: got segment gripper_right_screw_left_link
[robot_state_publisher-2] [INFO] [1789312136.341306614] [robot_state_publisher]: got segment gripper_right_screw_right_link
[robot_state_publisher-2] [INFO] [1789312136.341313393] [robot_state_publisher]: got segment head_1_link
[robot_state_publisher-2] [INFO] [1789312136.341319833] [robot_state_publisher]: got segment head_2_link
[robot_state_publisher-2] [INFO] [1789312136.341325662] [robot_state_publisher]: got segment head_front_camera_accel_frame
[robot_state_publisher-2] [INFO] [1789312136.341331527] [robot_state_publisher]: got segment head_front_camera_accel_optical_frame
[robot_state_publisher-2] [INFO] [1789312136.341337353] [robot_state_publisher]: got segment head_front_camera_bottom_screw_frame
[robot_state_publisher-2] [INFO] [1789312136.341343232] [robot_state_publisher]: got segment head_front_camera_color_eye_frame
[robot_state_publisher-2] [INFO] [1789312136.341349072] [robot_state_publisher]: got segment head_front_camera_color_frame
[robot_state_publisher-2] [INFO] [1789312136.341355238] [robot_state_publisher]: got segment head_front_camera_color_optical_frame
[robot_state_publisher-2] [INFO] [1789312136.341361548] [robot_state_publisher]: got segment head_front_camera_depth_frame
[robot_state_publisher-2] [INFO] [1789312136.341367563] [robot_state_publisher]: got segment head_front_camera_depth_optical_frame
[robot_state_publisher-2] [INFO] [1789312136.341373472] [robot_state_publisher]: got segment head_front_camera_gyro_frame
[robot_state_publisher-2] [INFO] [1789312136.341379647] [robot_state_publisher]: got segment head_front_camera_gyro_optical_frame
[robot_state_publisher-2] [INFO] [1789312136.341385638] [robot_state_publisher]: got segment head_front_camera_infra1_frame
[robot_state_publisher-2] [INFO] [1789312136.341391603] [robot_state_publisher]: got segment head_front_camera_infra1_optical_frame
[robot_state_publisher-2] [INFO] [1789312136.341397765] [robot_state_publisher]: got segment head_front_camera_infra2_frame
[robot_state_publisher-2] [INFO] [1789312136.341405481] [robot_state_publisher]: got segment head_front_camera_infra2_optical_frame
[robot_state_publisher-2] [INFO] [1789312136.341412358] [robot_state_publisher]: got segment head_front_camera_link
[robot_state_publisher-2] [INFO] [1789312136.341418638] [robot_state_publisher]: got segment head_screen_link
[robot_state_publisher-2] [INFO] [1789312136.341424484] [robot_state_publisher]: got segment sellion_link
[robot_state_publisher-2] [INFO] [1789312136.341430396] [robot_state_publisher]: got segment suspension_front_left_link
[robot_state_publisher-2] [INFO] [1789312136.341436662] [robot_state_publisher]: got segment suspension_front_right_link
[robot_state_publisher-2] [INFO] [1789312136.341443289] [robot_state_publisher]: got segment suspension_rear_left_link
[robot_state_publisher-2] [INFO] [1789312136.341449012] [robot_state_publisher]: got segment suspension_rear_right_link
[robot_state_publisher-2] [INFO] [1789312136.341455097] [robot_state_publisher]: got segment torso_arm_left_link
[robot_state_publisher-2] [INFO] [1789312136.341461851] [robot_state_publisher]: got segment torso_arm_right_link
[robot_state_publisher-2] [INFO] [1789312136.341467661] [robot_state_publisher]: got segment torso_base_link
[robot_state_publisher-2] [INFO] [1789312136.341473542] [robot_state_publisher]: got segment torso_fixed_column_link
[robot_state_publisher-2] [INFO] [1789312136.341479562] [robot_state_publisher]: got segment torso_head_link
[robot_state_publisher-2] [INFO] [1789312136.341485165] [robot_state_publisher]: got segment torso_lift_link
[robot_state_publisher-2] [INFO] [1789312136.341490976] [robot_state_publisher]: got segment virtual_base_laser_link
[robot_state_publisher-2] [INFO] [1789312136.341496807] [robot_state_publisher]: got segment wheel_front_left_link
[robot_state_publisher-2] [INFO] [1789312136.341502524] [robot_state_publisher]: got segment wheel_front_right_link
[robot_state_publisher-2] [INFO] [1789312136.341508762] [robot_state_publisher]: got segment wheel_rear_left_link
[robot_state_publisher-2] [INFO] [1789312136.341514607] [robot_state_publisher]: got segment wheel_rear_right_link
[task_manager-9] [0m[INFO] [1789312136.409835480] [task_manager]: WAITING_FOR_READY[0m
[task_manager-9] [0m[INFO] [1789312136.495760634] [task_manager]: WAITING_FOR_READY: clock, navigation:heartbeat, navigation:expected_one_command_subscriber, manipulation:heartbeat, manipulation:expected_one_command_subscriber, perception:heartbeat, perception:expected_one_command_subscriber[0m
[gz-1] QStandardPaths: XDG_RUNTIME_DIR not set, defaulting to '/tmp/runtime-root'
[parameter_bridge-3] [INFO] [1789312136.598013643] [ros_gz_bridge]: Passing message from ROS geometry_msgs/msg/Twist to Gazebo gz.msgs.Twist (showing msg only once per type)
[manipulation_node-7] [0m[INFO] [1789312136.623265816] [manipulation_node]: Kinematics and collision geometry verified: /opt/erc_ws/install/erc_description/share/erc_description/urdf/tiago_pro.urdf[0m
[task_manager-9] [0m[INFO] [1789312136.643240146] [task_manager]: HEALTH {"component": "task", "boot": "532c318b82d44537a99b7482727aa170", "ready": false, "reason": "clock, navigation:heartbeat, manipulation:heartbeat, perception:heartbeat, perception:expected_one_command_subscriber", "active": "WAITING_FOR_READY", "sim_time": 0.0, "clock_progress_age_wall": 0.25157635699997627}[0m
[manipulation_node-7] [0m[INFO] [1789312136.839500857] [manipulation_node]: HEALTH {"component": "manipulation", "boot": "8ac49ea4cf99464989b284deccadba21", "ready": false, "reason": "WAITING_FOR_FRESH_JOINTS", "active": "IDLE:IDLE", "sim_time": 0.0, "clock_progress_age_wall": 0.25204209000003175}[0m
[navigation_node-8] [0m[INFO] [1789312136.865126630] [navigation_node]: HEALTH {"component": "navigation", "boot": "9d3f8ddfde8a4a91a3ee1e598f503937", "ready": false, "reason": "ODOMETRY_NOT_FRESH", "active": "IDLE", "sim_time": 0.0, "clock_progress_age_wall": 0.25193740099985007}[0m
[perception_node-6] [0m[INFO] [1789312136.926787168] [perception_node]: HEALTH {"component": "perception", "boot": "fad6caa1d2f241ddb5a0dba012fab9cf", "ready": false, "reason": "waiting for synchronized camera and TF", "active": "BOOK:waiting for synchronized camera and TF", "sim_time": 0.0, "clock_progress_age_wall": 0.25154599899997265}[0m
[parameter_bridge-4] [INFO] [1789312137.314822366] [head_camera_bridge]: Creating GZ->ROS Bridge: [/head_front_camera/depth/image (gz.msgs.Image) -> /head_front_camera/head_front_camera/color/image_raw (sensor_msgs/msg/Image)] (Lazy 0)
[parameter_bridge-5] [INFO] [1789312137.316832281] [contact_bridge]: Creating GZ->ROS Bridge: [/world/erc_world/model/tiago_pro/link/base_footprint/sensor/base_footprint_contact/contact (gz.msgs.Contacts) -> /contacts/base_footprint (ros_gz_interfaces/msg/Contacts)] (Lazy 0)
[parameter_bridge-4] [INFO] [1789312137.317101174] [head_camera_bridge]: Creating GZ->ROS Bridge: [/head_front_camera/depth/camera_info (gz.msgs.CameraInfo) -> /head_front_camera/head_front_camera/color/camera_info (sensor_msgs/msg/CameraInfo)] (Lazy 0)
[parameter_bridge-4] [INFO] [1789312137.317518654] [head_camera_bridge]: Creating GZ->ROS Bridge: [/head_front_camera/depth/depth_image (gz.msgs.Image) -> /head_front_camera/head_front_camera/depth/image_rect_raw (sensor_msgs/msg/Image)] (Lazy 0)
[parameter_bridge-4] [INFO] [1789312137.317902436] [head_camera_bridge]: Creating GZ->ROS Bridge: [/head_front_camera/depth/camera_info (gz.msgs.CameraInfo) -> /head_front_camera/head_front_camera/depth/camera_info (sensor_msgs/msg/CameraInfo)] (Lazy 0)
[parameter_bridge-5] [INFO] [1789312137.318369427] [contact_bridge]: Creating GZ->ROS Bridge: [/world/erc_world/model/tiago_pro/link/torso_lift_link/sensor/torso_lift_link_contact/contact (gz.msgs.Contacts) -> /contacts/torso_lift_link (ros_gz_interfaces/msg/Contacts)] (Lazy 0)
[parameter_bridge-5] [INFO] [1789312137.318821839] [contact_bridge]: Creating GZ->ROS Bridge: [/world/erc_world/model/tiago_pro/link/head_1_link/sensor/head_1_link_contact/contact (gz.msgs.Contacts) -> /contacts/head_1_link (ros_gz_interfaces/msg/Contacts)] (Lazy 0)
[parameter_bridge-5] [INFO] [1789312137.319230615] [contact_bridge]: Creating GZ->ROS Bridge: [/world/erc_world/model/tiago_pro/link/head_2_link/sensor/head_2_link_contact/contact (gz.msgs.Contacts) -> /contacts/head_2_link (ros_gz_interfaces/msg/Contacts)] (Lazy 0)
[parameter_bridge-5] [INFO] [1789312137.319663224] [contact_bridge]: Creating GZ->ROS Bridge: [/world/erc_world/model/tiago_pro/link/arm_left_1_link/sensor/arm_left_1_link_contact/contact (gz.msgs.Contacts) -> /contacts/arm_left_1_link (ros_gz_interfaces/msg/Contacts)] (Lazy 0)
[parameter_bridge-5] [INFO] [1789312137.320049816] [contact_bridge]: Creating GZ->ROS Bridge: [/world/erc_world/model/tiago_pro/link/arm_left_2_link/sensor/arm_left_2_link_contact/contact (gz.msgs.Contacts) -> /contacts/arm_left_2_link (ros_gz_interfaces/msg/Contacts)] (Lazy 0)
[parameter_bridge-5] [INFO] [1789312137.320428626] [contact_bridge]: Creating GZ->ROS Bridge: [/world/erc_world/model/tiago_pro/link/arm_left_3_link/sensor/arm_left_3_link_contact/contact (gz.msgs.Contacts) -> /contacts/arm_left_3_link (ros_gz_interfaces/msg/Contacts)] (Lazy 0)
[parameter_bridge-5] [INFO] [1789312137.320835170] [contact_bridge]: Creating GZ->ROS Bridge: [/world/erc_world/model/tiago_pro/link/arm_left_4_link/sensor/arm_left_4_link_contact/contact (gz.msgs.Contacts) -> /contacts/arm_left_4_link (ros_gz_interfaces/msg/Contacts)] (Lazy 0)
[parameter_bridge-5] [INFO] [1789312137.321204235] [contact_bridge]: Creating GZ->ROS Bridge: [/world/erc_world/model/tiago_pro/link/arm_left_5_link/sensor/arm_left_5_link_contact/contact (gz.msgs.Contacts) -> /contacts/arm_left_5_link (ros_gz_interfaces/msg/Contacts)] (Lazy 0)
[parameter_bridge-5] [INFO] [1789312137.321565939] [contact_bridge]: Creating GZ->ROS Bridge: [/world/erc_world/model/tiago_pro/link/arm_left_6_link/sensor/arm_left_6_link_contact/contact (gz.msgs.Contacts) -> /contacts/arm_left_6_link (ros_gz_interfaces/msg/Contacts)] (Lazy 0)
[parameter_bridge-5] [INFO] [1789312137.321936859] [contact_bridge]: Creating GZ->ROS Bridge: [/world/erc_world/model/tiago_pro/link/arm_left_7_link/sensor/arm_left_7_link_contact/contact (gz.msgs.Contacts) -> /contacts/arm_left_7_link (ros_gz_interfaces/msg/Contacts)] (Lazy 0)
[parameter_bridge-5] [INFO] [1789312137.322337290] [contact_bridge]: Creating GZ->ROS Bridge: [/world/erc_world/model/tiago_pro/link/arm_right_1_link/sensor/arm_right_1_link_contact/contact (gz.msgs.Contacts) -> /contacts/arm_right_1_link (ros_gz_interfaces/msg/Contacts)] (Lazy 0)
[parameter_bridge-5] [INFO] [1789312137.322717378] [contact_bridge]: Creating GZ->ROS Bridge: [/world/erc_world/model/tiago_pro/link/arm_right_2_link/sensor/arm_right_2_link_contact/contact (gz.msgs.Contacts) -> /contacts/arm_right_2_link (ros_gz_interfaces/msg/Contacts)] (Lazy 0)
[parameter_bridge-5] [INFO] [1789312137.323089690] [contact_bridge]: Creating GZ->ROS Bridge: [/world/erc_world/model/tiago_pro/link/arm_right_3_link/sensor/arm_right_3_link_contact/contact (gz.msgs.Contacts) -> /contacts/arm_right_3_link (ros_gz_interfaces/msg/Contacts)] (Lazy 0)
[parameter_bridge-5] [INFO] [1789312137.323476630] [contact_bridge]: Creating GZ->ROS Bridge: [/world/erc_world/model/tiago_pro/link/arm_right_4_link/sensor/arm_right_4_link_contact/contact (gz.msgs.Contacts) -> /contacts/arm_right_4_link (ros_gz_interfaces/msg/Contacts)] (Lazy 0)
[parameter_bridge-5] [INFO] [1789312137.323855909] [contact_bridge]: Creating GZ->ROS Bridge: [/world/erc_world/model/tiago_pro/link/arm_right_5_link/sensor/arm_right_5_link_contact/contact (gz.msgs.Contacts) -> /contacts/arm_right_5_link (ros_gz_interfaces/msg/Contacts)] (Lazy 0)
[parameter_bridge-5] [INFO] [1789312137.324275018] [contact_bridge]: Creating GZ->ROS Bridge: [/world/erc_world/model/tiago_pro/link/arm_right_6_link/sensor/arm_right_6_link_contact/contact (gz.msgs.Contacts) -> /contacts/arm_right_6_link (ros_gz_interfaces/msg/Contacts)] (Lazy 0)
[parameter_bridge-5] [INFO] [1789312137.324644929] [contact_bridge]: Creating GZ->ROS Bridge: [/world/erc_world/model/tiago_pro/link/arm_right_7_link/sensor/arm_right_7_link_contact/contact (gz.msgs.Contacts) -> /contacts/arm_right_7_link (ros_gz_interfaces/msg/Contacts)] (Lazy 0)
[parameter_bridge-5] [INFO] [1789312137.325028767] [contact_bridge]: Creating GZ->ROS Bridge: [/world/erc_world/model/tiago_pro/link/gripper_left_fingertip_left_link/sensor/gripper_left_fingertip_left_link_contact/contact (gz.msgs.Contacts) -> /contacts/gripper_left_fingertip_left_link (ros_gz_interfaces/msg/Contacts)] (Lazy 0)
[parameter_bridge-5] [INFO] [1789312137.325410126] [contact_bridge]: Creating GZ->ROS Bridge: [/world/erc_world/model/tiago_pro/link/gripper_left_fingertip_right_link/sensor/gripper_left_fingertip_right_link_contact/contact (gz.msgs.Contacts) -> /contacts/gripper_left_fingertip_right_link (ros_gz_interfaces/msg/Contacts)] (Lazy 0)
[parameter_bridge-5] [INFO] [1789312137.325790638] [contact_bridge]: Creating GZ->ROS Bridge: [/world/erc_world/model/tiago_pro/link/gripper_left_inner_finger_left_link/sensor/gripper_left_inner_finger_left_link_contact/contact (gz.msgs.Contacts) -> /contacts/gripper_left_inner_finger_left_link (ros_gz_interfaces/msg/Contacts)] (Lazy 0)
[parameter_bridge-5] [INFO] [1789312137.326217580] [contact_bridge]: Creating GZ->ROS Bridge: [/world/erc_world/model/tiago_pro/link/gripper_left_inner_finger_right_link/sensor/gripper_left_inner_finger_right_link_contact/contact (gz.msgs.Contacts) -> /contacts/gripper_left_inner_finger_right_link (ros_gz_interfaces/msg/Contacts)] (Lazy 0)
[parameter_bridge-5] [INFO] [1789312137.326616607] [contact_bridge]: Creating GZ->ROS Bridge: [/world/erc_world/model/tiago_pro/link/gripper_left_outer_finger_left_link/sensor/gripper_left_outer_finger_left_link_contact/contact (gz.msgs.Contacts) -> /contacts/gripper_left_outer_finger_left_link (ros_gz_interfaces/msg/Contacts)] (Lazy 0)
[parameter_bridge-5] [INFO] [1789312137.326983350] [contact_bridge]: Creating GZ->ROS Bridge: [/world/erc_world/model/tiago_pro/link/gripper_left_outer_finger_right_link/sensor/gripper_left_outer_finger_right_link_contact/contact (gz.msgs.Contacts) -> /contacts/gripper_left_outer_finger_right_link (ros_gz_interfaces/msg/Contacts)] (Lazy 0)
[parameter_bridge-5] [INFO] [1789312137.327368384] [contact_bridge]: Creating GZ->ROS Bridge: [/world/erc_world/model/tiago_pro/link/gripper_right_fingertip_left_link/sensor/gripper_right_fingertip_left_link_contact/contact (gz.msgs.Contacts) -> /contacts/gripper_right_fingertip_left_link (ros_gz_interfaces/msg/Contacts)] (Lazy 0)
[parameter_bridge-5] [INFO] [1789312137.327734251] [contact_bridge]: Creating GZ->ROS Bridge: [/world/erc_world/model/tiago_pro/link/gripper_right_fingertip_right_link/sensor/gripper_right_fingertip_right_link_contact/contact (gz.msgs.Contacts) -> /contacts/gripper_right_fingertip_right_link (ros_gz_interfaces/msg/Contacts)] (Lazy 0)
[parameter_bridge-5] [INFO] [1789312137.328110360] [contact_bridge]: Creating GZ->ROS Bridge: [/world/erc_world/model/tiago_pro/link/gripper_right_inner_finger_left_link/sensor/gripper_right_inner_finger_left_link_contact/contact (gz.msgs.Contacts) -> /contacts/gripper_right_inner_finger_left_link (ros_gz_interfaces/msg/Contacts)] (Lazy 0)
[parameter_bridge-5] [INFO] [1789312137.328507953] [contact_bridge]: Creating GZ->ROS Bridge: [/world/erc_world/model/tiago_pro/link/gripper_right_inner_finger_right_link/sensor/gripper_right_inner_finger_right_link_contact/contact (gz.msgs.Contacts) -> /contacts/gripper_right_inner_finger_right_link (ros_gz_interfaces/msg/Contacts)] (Lazy 0)
[parameter_bridge-5] [INFO] [1789312137.328893863] [contact_bridge]: Creating GZ->ROS Bridge: [/world/erc_world/model/tiago_pro/link/gripper_right_outer_finger_left_link/sensor/gripper_right_outer_finger_left_link_contact/contact (gz.msgs.Contacts) -> /contacts/gripper_right_outer_finger_left_link (ros_gz_interfaces/msg/Contacts)] (Lazy 0)
[parameter_bridge-5] [INFO] [1789312137.329295341] [contact_bridge]: Creating GZ->ROS Bridge: [/world/erc_world/model/tiago_pro/link/gripper_right_outer_finger_right_link/sensor/gripper_right_outer_finger_right_link_contact/contact (gz.msgs.Contacts) -> /contacts/gripper_right_outer_finger_right_link (ros_gz_interfaces/msg/Contacts)] (Lazy 0)
[INFO] [create-10]: process started with pid [2762]
[create-10] [INFO] [1789312139.318859882] [ros_gz_sim]: Requesting list of world names.
[create-10] [INFO] [1789312139.520491530] [ros_gz_sim]: Waiting messages on topic [robot_description].
[create-10] [INFO] [1789312139.523457589] [ros_gz_sim]: Requested creation of entity.
[create-10] [INFO] [1789312139.523509123] [ros_gz_sim]: OK creation of entity.
[task_manager-9] [0m[INFO] [1789312139.596014752] [task_manager]: WAITING_FOR_READY: navigation:ODOMETRY_NOT_FRESH, manipulation:WAITING_FOR_FRESH_JOINTS, perception:waiting for synchronized camera and TF[0m
[gz-1] [1;33mWarning [Utils.cc:132][0m [/sdf/model[@name="tiago_pro"]/link[@name="base_footprint"]/sensor[@name="base_front_laser"]/gz_frame_id:<urdf-string>:L0]: XML Element[gz_frame_id], child of element[sensor], not defined in SDF. Copying[gz_frame_id] as children of [sensor].
[gz-1] [1;33mWarning [Utils.cc:132][0m [/sdf/model[@name="tiago_pro"]/link[@name="base_footprint"]/sensor[@name="base_imu_sensor"]/imu/noise:<urdf-string>:L0]: XML Element[noise], child of element[imu], not defined in SDF. Copying[noise] as children of [imu].
[gz-1] [1;33mWarning [Utils.cc:132][0m [/sdf/model[@name="tiago_pro"]/link[@name="base_footprint"]/sensor[@name="base_rear_laser"]/gz_frame_id:<urdf-string>:L0]: XML Element[gz_frame_id], child of element[sensor], not defined in SDF. Copying[gz_frame_id] as children of [sensor].
[gz-1] [1;33mWarning [Utils.cc:132][0m [/sdf/model[@name="tiago_pro"]/joint[@name="arm_left_7_joint"]/physics/ode/provide_feedback:<urdf-string>:L0]: XML Element[provide_feedback], child of element[ode], not defined in SDF. Copying[provide_feedback] as children of [ode].
[gz-1] [1;33mWarning [Utils.cc:132][0m [/sdf/model[@name="tiago_pro"]/joint[@name="arm_right_7_joint"]/physics/ode/provide_feedback:<urdf-string>:L0]: XML Element[provide_feedback], child of element[ode], not defined in SDF. Copying[provide_feedback] as children of [ode].
[gz-1] [1;33mWarning [Utils.cc:132][0m [/sdf/model[@name="tiago_pro"]/link[@name="head_2_link"]/sensor[@name="head_front_camera"]/gz_frame_id:<urdf-string>:L0]: XML Element[gz_frame_id], child of element[sensor], not defined in SDF. Copying[gz_frame_id] as children of [sensor].
[gz-1] [1;33mWarning [Utils.cc:132][0m [/sdf/model[@name="tiago_pro"]/link[@name="head_2_link"]/sensor[@name="head_front_camera"]/camera[@name="head_front_camera"]/vertical_fov:<urdf-string>:L0]: XML Element[vertical_fov], child of element[camera], not defined in SDF. Copying[vertical_fov] as children of [camera].
[gz-1] [1;33mWarning [Utils.cc:132][0m [/sdf/model[@name="tiago_pro"]/link[@name="head_2_link"]/sensor[@name="head_front_camera_frame_depth_sensor"]/gz_frame_id:<urdf-string>:L0]: XML Element[gz_frame_id], child of element[sensor], not defined in SDF. Copying[gz_frame_id] as children of [sensor].
[gz-1] [1;33mWarning [Utils.cc:132][0m [/sdf/model[@name="tiago_pro"]/link[@name="head_2_link"]/sensor[@name="head_front_camera_frame_depth_sensor"]/camera[@name="rgbd_camera_frame"]/vertical_fov:<urdf-string>:L0]: XML Element[vertical_fov], child of element[camera], not defined in SDF. Copying[vertical_fov] as children of [camera].
[gz-1] [1;33mWarning [Utils.cc:132][0m [/sdf/model[@name="tiago_pro"]/link[@name="head_2_link"]/sensor[@name="head_front_camera_imu_sensor"]/gz_frame_id:<urdf-string>:L0]: XML Element[gz_frame_id], child of element[sensor], not defined in SDF. Copying[gz_frame_id] as children of [sensor].
[gz-1] [1;33mWarning [Utils.cc:132][0m [/sdf/model[@name="tiago_pro"]/link[@name="head_2_link"]/sensor[@name="head_front_camera_imu_sensor"]/imu/noise:<urdf-string>:L0]: XML Element[noise], child of element[imu], not defined in SDF. Copying[noise] as children of [imu].
[INFO] [create-10]: process has finished cleanly [pid 2762]
[gz-1] [INFO] [1789312139.730381503] [GazeboSimROS2ControlPlugin]: robot_param_node is robot_state_publisher
[gz-1] [INFO] [1789312139.730408791] [GazeboSimROS2ControlPlugin]: robot_param_node is robot_description
[gz-1] [INFO] [1789312139.737678460] [gz_ros2_control]: connected to service!! robot_state_publisher asking for robot_description
[gz-1] [INFO] [1789312139.739336952] [gz_ros2_control]: Received URDF from param server
[gz-1] [INFO] [1789312139.767463040] [gz_ros2_control]: The position_proportional_gain has been set to: 0.1
[gz-1] [INFO] [1789312139.767956893] [gz_ros2_control]: Loading joint: torso_lift_joint
[gz-1] [INFO] [1789312139.767998174] [gz_ros2_control]: 	State:
[gz-1] [INFO] [1789312139.768004638] [gz_ros2_control]: 		 position
[gz-1] [INFO] [1789312139.768052114] [gz_ros2_control]: 		 velocity
[gz-1] [INFO] [1789312139.768072496] [gz_ros2_control]: 		 effort
[gz-1] [INFO] [1789312139.768081917] [gz_ros2_control]: 	Command:
[gz-1] [INFO] [1789312139.768085252] [gz_ros2_control]: 		 position
[gz-1] [INFO] [1789312139.768268531] [gz_ros2_control]: Loading joint: head_1_joint
[gz-1] [INFO] [1789312139.768272993] [gz_ros2_control]: 	State:
[gz-1] [INFO] [1789312139.768275992] [gz_ros2_control]: 		 position
[gz-1] [INFO] [1789312139.768279099] [gz_ros2_control]: 		 velocity
[gz-1] [INFO] [1789312139.768282608] [gz_ros2_control]: 		 effort
[gz-1] [INFO] [1789312139.768285730] [gz_ros2_control]: 	Command:
[gz-1] [INFO] [1789312139.768288447] [gz_ros2_control]: 		 position
[gz-1] [INFO] [1789312139.768316588] [gz_ros2_control]: Loading joint: head_2_joint
[gz-1] [INFO] [1789312139.768320587] [gz_ros2_control]: 	State:
[gz-1] [INFO] [1789312139.768323548] [gz_ros2_control]: 		 position
[gz-1] [INFO] [1789312139.768326494] [gz_ros2_control]: 		 velocity
[gz-1] [INFO] [1789312139.768329269] [gz_ros2_control]: 		 effort
[gz-1] [INFO] [1789312139.768333324] [gz_ros2_control]: 	Command:
[gz-1] [INFO] [1789312139.768336443] [gz_ros2_control]: 		 position
[gz-1] [INFO] [1789312139.768350831] [gz_ros2_control]: Loading joint: arm_left_1_joint
[gz-1] [INFO] [1789312139.768354333] [gz_ros2_control]: 	State:
[gz-1] [INFO] [1789312139.768357187] [gz_ros2_control]: 		 position
[gz-1] [INFO] [1789312139.768360111] [gz_ros2_control]: 		 velocity
[gz-1] [INFO] [1789312139.768362941] [gz_ros2_control]: 		 effort
[gz-1] [INFO] [1789312139.768365905] [gz_ros2_control]: 	Command:
[gz-1] [INFO] [1789312139.768368667] [gz_ros2_control]: 		 position
[gz-1] [INFO] [1789312139.768381294] [gz_ros2_control]: Loading joint: arm_left_2_joint
[gz-1] [INFO] [1789312139.768384749] [gz_ros2_control]: 	State:
[gz-1] [INFO] [1789312139.768388070] [gz_ros2_control]: 		 position
[gz-1] [INFO] [1789312139.768391038] [gz_ros2_control]: 		 velocity
[gz-1] [INFO] [1789312139.768393898] [gz_ros2_control]: 		 effort
[gz-1] [INFO] [1789312139.768396776] [gz_ros2_control]: 	Command:
[gz-1] [INFO] [1789312139.768399558] [gz_ros2_control]: 		 position
[gz-1] [INFO] [1789312139.768411918] [gz_ros2_control]: Loading joint: arm_left_3_joint
[gz-1] [INFO] [1789312139.768415126] [gz_ros2_control]: 	State:
[gz-1] [INFO] [1789312139.768418080] [gz_ros2_control]: 		 position
[gz-1] [INFO] [1789312139.768420971] [gz_ros2_control]: 		 velocity
[gz-1] [INFO] [1789312139.768424884] [gz_ros2_control]: 		 effort
[gz-1] [INFO] [1789312139.768427954] [gz_ros2_control]: 	Command:
[gz-1] [INFO] [1789312139.768430707] [gz_ros2_control]: 		 position
[gz-1] [INFO] [1789312139.768443194] [gz_ros2_control]: Loading joint: arm_left_4_joint
[gz-1] [INFO] [1789312139.768446693] [gz_ros2_control]: 	State:
[gz-1] [INFO] [1789312139.768449565] [gz_ros2_control]: 		 position
[gz-1] [INFO] [1789312139.768452456] [gz_ros2_control]: 		 velocity
[gz-1] [INFO] [1789312139.768455271] [gz_ros2_control]: 		 effort
[gz-1] [INFO] [1789312139.768458151] [gz_ros2_control]: 	Command:
[gz-1] [INFO] [1789312139.768460880] [gz_ros2_control]: 		 position
[gz-1] [INFO] [1789312139.768473407] [gz_ros2_control]: Loading joint: arm_left_5_joint
[gz-1] [INFO] [1789312139.768476728] [gz_ros2_control]: 	State:
[gz-1] [INFO] [1789312139.768479681] [gz_ros2_control]: 		 position
[gz-1] [INFO] [1789312139.768482570] [gz_ros2_control]: 		 velocity
[gz-1] [INFO] [1789312139.768485442] [gz_ros2_control]: 		 effort
[gz-1] [INFO] [1789312139.768488307] [gz_ros2_control]: 	Command:
[gz-1] [INFO] [1789312139.768490973] [gz_ros2_control]: 		 position
[gz-1] [INFO] [1789312139.768503191] [gz_ros2_control]: Loading joint: arm_left_6_joint
[gz-1] [INFO] [1789312139.768506520] [gz_ros2_control]: 	State:
[gz-1] [INFO] [1789312139.768509343] [gz_ros2_control]: 		 position
[gz-1] [INFO] [1789312139.768512237] [gz_ros2_control]: 		 velocity
[gz-1] [INFO] [1789312139.768515093] [gz_ros2_control]: 		 effort
[gz-1] [INFO] [1789312139.768539150] [gz_ros2_control]: 	Command:
[gz-1] [INFO] [1789312139.768542562] [gz_ros2_control]: 		 position
[gz-1] [INFO] [1789312139.768556312] [gz_ros2_control]: Loading joint: arm_left_7_joint
[gz-1] [INFO] [1789312139.768559584] [gz_ros2_control]: 	State:
[gz-1] [INFO] [1789312139.768562443] [gz_ros2_control]: 		 position
[gz-1] [INFO] [1789312139.768565415] [gz_ros2_control]: 		 velocity
[gz-1] [INFO] [1789312139.768568482] [gz_ros2_control]: 		 effort
[gz-1] [INFO] [1789312139.768571392] [gz_ros2_control]: 	Command:
[gz-1] [INFO] [1789312139.768574084] [gz_ros2_control]: 		 position
[gz-1] [INFO] [1789312139.768586980] [gz_ros2_control]: Loading joint: gripper_left_finger_joint
[gz-1] [INFO] [1789312139.768590738] [gz_ros2_control]: 	State:
[gz-1] [INFO] [1789312139.768593670] [gz_ros2_control]: 		 position
[gz-1] [INFO] [1789312139.768604550] [gz_ros2_control]: 			 found initial value: 0.000000
[gz-1] [INFO] [1789312139.768609686] [gz_ros2_control]: 		 velocity
[gz-1] [INFO] [1789312139.768612636] [gz_ros2_control]: 		 effort
[gz-1] [INFO] [1789312139.768617049] [gz_ros2_control]: 	Command:
[gz-1] [INFO] [1789312139.768619917] [gz_ros2_control]: 		 position
[gz-1] [INFO] [1789312139.768634939] [gz_ros2_control]: Loading joint: gripper_left_outer_finger_right_joint
[gz-1] [INFO] [1789312139.768721849] [gz_ros2_control]: Joint 'gripper_left_outer_finger_right_joint'is mimicking joint 'gripper_left_finger_joint' with multiplier: -8.28
[gz-1] [INFO] [1789312139.768818749] [gz_ros2_control]: 	State:
[gz-1] [INFO] [1789312139.768825902] [gz_ros2_control]: 	Command:
[gz-1] [INFO] [1789312139.768843993] [gz_ros2_control]: Loading joint: gripper_left_inner_finger_right_joint
[gz-1] [INFO] [1789312139.768854340] [gz_ros2_control]: Joint 'gripper_left_inner_finger_right_joint'is mimicking joint 'gripper_left_finger_joint' with multiplier: -8.28
[gz-1] [INFO] [1789312139.768884002] [gz_ros2_control]: 	State:
[gz-1] [INFO] [1789312139.768888795] [gz_ros2_control]: 	Command:
[gz-1] [INFO] [1789312139.768902090] [gz_ros2_control]: Loading joint: gripper_left_fingertip_right_joint
[gz-1] [INFO] [1789312139.768907882] [gz_ros2_control]: Joint 'gripper_left_fingertip_right_joint'is mimicking joint 'gripper_left_finger_joint' with multiplier: 8.28
[gz-1] [INFO] [1789312139.768912147] [gz_ros2_control]: 	State:
[gz-1] [INFO] [1789312139.768915018] [gz_ros2_control]: 	Command:
[gz-1] [INFO] [1789312139.768924362] [gz_ros2_control]: Loading joint: gripper_left_finger_right_joint
[gz-1] [INFO] [1789312139.768931419] [gz_ros2_control]: Joint 'gripper_left_finger_right_joint'is mimicking joint 'gripper_left_finger_joint' with multiplier: 0.22
[gz-1] [INFO] [1789312139.768935303] [gz_ros2_control]: 	State:
[gz-1] [INFO] [1789312139.768938099] [gz_ros2_control]: 	Command:
[gz-1] [INFO] [1789312139.768946501] [gz_ros2_control]: Loading joint: gripper_left_outer_finger_left_joint
[gz-1] [INFO] [1789312139.768951756] [gz_ros2_control]: Joint 'gripper_left_outer_finger_left_joint'is mimicking joint 'gripper_left_finger_joint' with multiplier: -8.28
[gz-1] [INFO] [1789312139.768955613] [gz_ros2_control]: 	State:
[gz-1] [INFO] [1789312139.768958547] [gz_ros2_control]: 	Command:
[gz-1] [INFO] [1789312139.768970299] [gz_ros2_control]: Loading joint: gripper_left_inner_finger_left_joint
[gz-1] [INFO] [1789312139.768974818] [gz_ros2_control]: Joint 'gripper_left_inner_finger_left_joint'is mimicking joint 'gripper_left_finger_joint' with multiplier: -8.28
[gz-1] [INFO] [1789312139.768978021] [gz_ros2_control]: 	State:
[gz-1] [INFO] [1789312139.768980849] [gz_ros2_control]: 	Command:
[gz-1] [INFO] [1789312139.768989337] [gz_ros2_control]: Loading joint: gripper_left_fingertip_left_joint
[gz-1] [INFO] [1789312139.768993891] [gz_ros2_control]: Joint 'gripper_left_fingertip_left_joint'is mimicking joint 'gripper_left_finger_joint' with multiplier: 8.28
[gz-1] [INFO] [1789312139.768997002] [gz_ros2_control]: 	State:
[gz-1] [INFO] [1789312139.769000325] [gz_ros2_control]: 	Command:
[gz-1] [INFO] [1789312139.769011059] [gz_ros2_control]: Loading joint: arm_right_1_joint
[gz-1] [INFO] [1789312139.769014744] [gz_ros2_control]: 	State:
[gz-1] [INFO] [1789312139.769017635] [gz_ros2_control]: 		 position
[gz-1] [INFO] [1789312139.769021271] [gz_ros2_control]: 		 velocity
[gz-1] [INFO] [1789312139.769024250] [gz_ros2_control]: 		 effort
[gz-1] [INFO] [1789312139.769027326] [gz_ros2_control]: 	Command:
[gz-1] [INFO] [1789312139.769038644] [gz_ros2_control]: 		 position
[gz-1] [INFO] [1789312139.769053921] [gz_ros2_control]: Loading joint: arm_right_2_joint
[gz-1] [INFO] [1789312139.769057371] [gz_ros2_control]: 	State:
[gz-1] [INFO] [1789312139.769060368] [gz_ros2_control]: 		 position
[gz-1] [INFO] [1789312139.769063362] [gz_ros2_control]: 		 velocity
[gz-1] [INFO] [1789312139.769066245] [gz_ros2_control]: 		 effort
[gz-1] [INFO] [1789312139.769069122] [gz_ros2_control]: 	Command:
[gz-1] [INFO] [1789312139.769071907] [gz_ros2_control]: 		 position
[gz-1] [INFO] [1789312139.769083934] [gz_ros2_control]: Loading joint: arm_right_3_joint
[gz-1] [INFO] [1789312139.769087252] [gz_ros2_control]: 	State:
[gz-1] [INFO] [1789312139.769090200] [gz_ros2_control]: 		 position
[gz-1] [INFO] [1789312139.769093149] [gz_ros2_control]: 		 velocity
[gz-1] [INFO] [1789312139.769096016] [gz_ros2_control]: 		 effort
[gz-1] [INFO] [1789312139.769098876] [gz_ros2_control]: 	Command:
[gz-1] [INFO] [1789312139.769102544] [gz_ros2_control]: 		 position
[gz-1] [INFO] [1789312139.769116016] [gz_ros2_control]: Loading joint: arm_right_4_joint
[gz-1] [INFO] [1789312139.769119466] [gz_ros2_control]: 	State:
[gz-1] [INFO] [1789312139.769122292] [gz_ros2_control]: 		 position
[gz-1] [INFO] [1789312139.769125100] [gz_ros2_control]: 		 velocity
[gz-1] [INFO] [1789312139.769128267] [gz_ros2_control]: 		 effort
[gz-1] [INFO] [1789312139.769131066] [gz_ros2_control]: 	Command:
[gz-1] [INFO] [1789312139.769133743] [gz_ros2_control]: 		 position
[gz-1] [INFO] [1789312139.769145365] [gz_ros2_control]: Loading joint: arm_right_5_joint
[gz-1] [INFO] [1789312139.769148513] [gz_ros2_control]: 	State:
[gz-1] [INFO] [1789312139.769151374] [gz_ros2_control]: 		 position
[gz-1] [INFO] [1789312139.769154217] [gz_ros2_control]: 		 velocity
[gz-1] [INFO] [1789312139.769157068] [gz_ros2_control]: 		 effort
[gz-1] [INFO] [1789312139.769159896] [gz_ros2_control]: 	Command:
[gz-1] [INFO] [1789312139.769162600] [gz_ros2_control]: 		 position
[gz-1] [INFO] [1789312139.769174379] [gz_ros2_control]: Loading joint: arm_right_6_joint
[gz-1] [INFO] [1789312139.769177527] [gz_ros2_control]: 	State:
[gz-1] [INFO] [1789312139.769180329] [gz_ros2_control]: 		 position
[gz-1] [INFO] [1789312139.769184318] [gz_ros2_control]: 		 velocity
[gz-1] [INFO] [1789312139.769189007] [gz_ros2_control]: 		 effort
[gz-1] [INFO] [1789312139.769193202] [gz_ros2_control]: 	Command:
[gz-1] [INFO] [1789312139.769196086] [gz_ros2_control]: 		 position
[gz-1] [INFO] [1789312139.769211412] [gz_ros2_control]: Loading joint: arm_right_7_joint
[gz-1] [INFO] [1789312139.769215086] [gz_ros2_control]: 	State:
[gz-1] [INFO] [1789312139.769218038] [gz_ros2_control]: 		 position
[gz-1] [INFO] [1789312139.769221045] [gz_ros2_control]: 		 velocity
[gz-1] [INFO] [1789312139.769223836] [gz_ros2_control]: 		 effort
[gz-1] [INFO] [1789312139.769226671] [gz_ros2_control]: 	Command:
[gz-1] [INFO] [1789312139.769229346] [gz_ros2_control]: 		 position
[gz-1] [INFO] [1789312139.769243039] [gz_ros2_control]: Loading joint: gripper_right_finger_joint
[gz-1] [INFO] [1789312139.769246408] [gz_ros2_control]: 	State:
[gz-1] [INFO] [1789312139.769249199] [gz_ros2_control]: 		 position
[gz-1] [INFO] [1789312139.769252112] [gz_ros2_control]: 			 found initial value: 0.000000
[gz-1] [INFO] [1789312139.769257422] [gz_ros2_control]: 		 velocity
[gz-1] [INFO] [1789312139.769262121] [gz_ros2_control]: 		 effort
[gz-1] [INFO] [1789312139.769266024] [gz_ros2_control]: 	Command:
[gz-1] [INFO] [1789312139.769268868] [gz_ros2_control]: 		 position
[gz-1] [INFO] [1789312139.769281578] [gz_ros2_control]: Loading joint: gripper_right_outer_finger_right_joint
[gz-1] [INFO] [1789312139.769286856] [gz_ros2_control]: Joint 'gripper_right_outer_finger_right_joint'is mimicking joint 'gripper_right_finger_joint' with multiplier: -8.28
[gz-1] [INFO] [1789312139.769290325] [gz_ros2_control]: 	State:
[gz-1] [INFO] [1789312139.769293123] [gz_ros2_control]: 	Command:
[gz-1] [INFO] [1789312139.769302206] [gz_ros2_control]: Loading joint: gripper_right_inner_finger_right_joint
[gz-1] [INFO] [1789312139.769306855] [gz_ros2_control]: Joint 'gripper_right_inner_finger_right_joint'is mimicking joint 'gripper_right_finger_joint' with multiplier: -8.28
[gz-1] [INFO] [1789312139.769310790] [gz_ros2_control]: 	State:
[gz-1] [INFO] [1789312139.769313647] [gz_ros2_control]: 	Command:
[gz-1] [INFO] [1789312139.769321412] [gz_ros2_control]: Loading joint: gripper_right_fingertip_right_joint
[gz-1] [INFO] [1789312139.769328173] [gz_ros2_control]: Joint 'gripper_right_fingertip_right_joint'is mimicking joint 'gripper_right_finger_joint' with multiplier: 8.28
[gz-1] [INFO] [1789312139.769333347] [gz_ros2_control]: 	State:
[gz-1] [INFO] [1789312139.769337452] [gz_ros2_control]: 	Command:
[gz-1] [INFO] [1789312139.769347502] [gz_ros2_control]: Loading joint: gripper_right_finger_right_joint
[gz-1] [INFO] [1789312139.769352210] [gz_ros2_control]: Joint 'gripper_right_finger_right_joint'is mimicking joint 'gripper_right_finger_joint' with multiplier: 0.22
[gz-1] [INFO] [1789312139.769356218] [gz_ros2_control]: 	State:
[gz-1] [INFO] [1789312139.769360180] [gz_ros2_control]: 	Command:
[gz-1] [INFO] [1789312139.769368105] [gz_ros2_control]: Loading joint: gripper_right_outer_finger_left_joint
[gz-1] [INFO] [1789312139.769372794] [gz_ros2_control]: Joint 'gripper_right_outer_finger_left_joint'is mimicking joint 'gripper_right_finger_joint' with multiplier: -8.28
[gz-1] [INFO] [1789312139.769375875] [gz_ros2_control]: 	State:
[gz-1] [INFO] [1789312139.769378799] [gz_ros2_control]: 	Command:
[gz-1] [INFO] [1789312139.769386888] [gz_ros2_control]: Loading joint: gripper_right_inner_finger_left_joint
[gz-1] [INFO] [1789312139.769391275] [gz_ros2_control]: Joint 'gripper_right_inner_finger_left_joint'is mimicking joint 'gripper_right_finger_joint' with multiplier: -8.28
[gz-1] [INFO] [1789312139.769394393] [gz_ros2_control]: 	State:
[gz-1] [INFO] [1789312139.769397300] [gz_ros2_control]: 	Command:
[gz-1] [INFO] [1789312139.769405149] [gz_ros2_control]: Loading joint: gripper_right_fingertip_left_joint
[gz-1] [INFO] [1789312139.769409503] [gz_ros2_control]: Joint 'gripper_right_fingertip_left_joint'is mimicking joint 'gripper_right_finger_joint' with multiplier: 8.28
[gz-1] [INFO] [1789312139.769412608] [gz_ros2_control]: 	State:
[gz-1] [INFO] [1789312139.769415357] [gz_ros2_control]: 	Command:
[gz-1] [INFO] [1789312139.769424412] [gz_ros2_control]: Loading joint: wheel_front_right_joint
[gz-1] [INFO] [1789312139.769428867] [gz_ros2_control]: 	State:
[gz-1] [INFO] [1789312139.769432711] [gz_ros2_control]: 		 position
[gz-1] [INFO] [1789312139.769435886] [gz_ros2_control]: 		 velocity
[gz-1] [INFO] [1789312139.769438723] [gz_ros2_control]: 	Command:
[gz-1] [INFO] [1789312139.769447930] [gz_ros2_control]: Loading joint: wheel_front_left_joint
[gz-1] [INFO] [1789312139.769451317] [gz_ros2_control]: 	State:
[gz-1] [INFO] [1789312139.769454340] [gz_ros2_control]: 		 position
[gz-1] [INFO] [1789312139.769457124] [gz_ros2_control]: 		 velocity
[gz-1] [INFO] [1789312139.769459931] [gz_ros2_control]: 	Command:
[gz-1] [INFO] [1789312139.769468205] [gz_ros2_control]: Loading joint: wheel_rear_right_joint
[gz-1] [INFO] [1789312139.769471446] [gz_ros2_control]: 	State:
[gz-1] [INFO] [1789312139.769474207] [gz_ros2_control]: 		 position
[gz-1] [INFO] [1789312139.769477104] [gz_ros2_control]: 		 velocity
[gz-1] [INFO] [1789312139.769480001] [gz_ros2_control]: 	Command:
[gz-1] [INFO] [1789312139.769487594] [gz_ros2_control]: Loading joint: wheel_rear_left_joint
[gz-1] [INFO] [1789312139.769490944] [gz_ros2_control]: 	State:
[gz-1] [INFO] [1789312139.769493715] [gz_ros2_control]: 		 position
[gz-1] [INFO] [1789312139.769496519] [gz_ros2_control]: 		 velocity
[gz-1] [INFO] [1789312139.769503380] [gz_ros2_control]: 	Command:
[gz-1] [INFO] [1789312139.770580103] [gz_ros2_control]: Loading sensor: base_imu_sensor
[gz-1] [INFO] [1789312139.770601102] [gz_ros2_control]: 	State:
[gz-1] [WARN] [1789312139.770625167] [gz_ros2_control]: IMU sensor 'base_imu_sensor' not found in hardware_info, skipping.
[gz-1] [INFO] [1789312139.770646560] [gz_ros2_control]: Loading sensor: head_front_camera_imu_sensor
[gz-1] [INFO] [1789312139.770650470] [gz_ros2_control]: 	State:
[gz-1] [WARN] [1789312139.770653922] [gz_ros2_control]: IMU sensor 'head_front_camera_imu_sensor' not found in hardware_info, skipping.
[gz-1] [INFO] [1789312139.770859731] [resource_manager]: Initialize hardware 'ros2_control_gazebo_system' 
[gz-1] [INFO] [1789312139.771201710] [resource_manager]: Successful initialization of hardware 'ros2_control_gazebo_system'
[gz-1] [INFO] [1789312139.771270370] [resource_manager]: 'configure' hardware 'ros2_control_gazebo_system' 
[gz-1] [INFO] [1789312139.771273014] [gz_ros2_control]: System Successfully configured!
[gz-1] [INFO] [1789312139.771281628] [resource_manager]: Successful 'configure' of hardware 'ros2_control_gazebo_system'
[gz-1] [INFO] [1789312139.771300769] [resource_manager]: 'activate' hardware 'ros2_control_gazebo_system' 
[gz-1] [INFO] [1789312139.771304785] [resource_manager]: Successful 'activate' of hardware 'ros2_control_gazebo_system'
[gz-1] [INFO] [1789312139.771310493] [gz_ros2_control]: Loading controller_manager
[gz-1] [1;31m[Err] [Physics.cc:1906] [0m[1;31mAttempting to create a mimic constraint for joint [[0m[1;31mgripper_left_inner_finger_left_joint[0m[1;31m] but the chosen physics engine does not support [0m[1;31mmimic constraints, so no constraint will be [0m[1;31mcreated.[0m[1;31m[0m
[gz-1] [WARN] [1789312139.913419297] [gz_ros2_control]:  Desired controller update period (0.004 s) is slower than the gazebo simulation period (0.002 s).
[gz-1] [1;33mWarning [Utils.cc:132][0m [/sdf/model[@name="tiago_pro"]/link[@name="base_footprint"]/sensor[@name="base_front_laser"]/gz_frame_id:<data-string>:L416]: XML Element[gz_frame_id], child of element[sensor], not defined in SDF. Copying[gz_frame_id] as children of [sensor].
[gz-1] [1;33mWarning [Utils.cc:132][0m [/sdf/model[@name="tiago_pro"]/link[@name="base_footprint"]/sensor[@name="base_imu_sensor"]/imu/noise:<data-string>:L423]: XML Element[noise], child of element[imu], not defined in SDF. Copying[noise] as children of [imu].
[gz-1] [1;33mWarning [Utils.cc:132][0m [/sdf/model[@name="tiago_pro"]/link[@name="base_footprint"]/sensor[@name="base_rear_laser"]/gz_frame_id:<data-string>:L467]: XML Element[gz_frame_id], child of element[sensor], not defined in SDF. Copying[gz_frame_id] as children of [sensor].
[gz-1] [1;33mWarning [Utils.cc:132][0m [/sdf/model[@name="tiago_pro"]/joint[@name="arm_left_7_joint"]/physics/ode/provide_feedback:<data-string>:L1488]: XML Element[provide_feedback], child of element[ode], not defined in SDF. Copying[provide_feedback] as children of [ode].
[gz-1] [1;33mWarning [Utils.cc:132][0m [/sdf/model[@name="tiago_pro"]/joint[@name="arm_right_7_joint"]/physics/ode/provide_feedback:<data-string>:L2822]: XML Element[provide_feedback], child of element[ode], not defined in SDF. Copying[provide_feedback] as children of [ode].
[gz-1] [1;33mWarning [Utils.cc:132][0m [/sdf/model[@name="tiago_pro"]/link[@name="head_2_link"]/sensor[@name="head_front_camera"]/camera[@name="head_front_camera"]/vertical_fov:<data-string>:L3830]: XML Element[vertical_fov], child of element[camera], not defined in SDF. Copying[vertical_fov] as children of [camera].
[gz-1] [1;33mWarning [Utils.cc:132][0m [/sdf/model[@name="tiago_pro"]/link[@name="head_2_link"]/sensor[@name="head_front_camera"]/gz_frame_id:<data-string>:L3837]: XML Element[gz_frame_id], child of element[sensor], not defined in SDF. Copying[gz_frame_id] as children of [sensor].
[gz-1] [1;33mWarning [Utils.cc:132][0m [/sdf/model[@name="tiago_pro"]/link[@name="head_2_link"]/sensor[@name="head_front_camera_frame_depth_sensor"]/camera[@name="rgbd_camera_frame"]/vertical_fov:<data-string>:L3858]: XML Element[vertical_fov], child of element[camera], not defined in SDF. Copying[vertical_fov] as children of [camera].
[gz-1] [1;33mWarning [Utils.cc:132][0m [/sdf/model[@name="tiago_pro"]/link[@name="head_2_link"]/sensor[@name="head_front_camera_frame_depth_sensor"]/gz_frame_id:<data-string>:L3865]: XML Element[gz_frame_id], child of element[sensor], not defined in SDF. Copying[gz_frame_id] as children of [sensor].
[gz-1] [1;33mWarning [Utils.cc:132][0m [/sdf/model[@name="tiago_pro"]/link[@name="head_2_link"]/sensor[@name="head_front_camera_imu_sensor"]/imu/noise:<data-string>:L3872]: XML Element[noise], child of element[imu], not defined in SDF. Copying[noise] as children of [imu].
[gz-1] [1;33mWarning [Utils.cc:132][0m [/sdf/model[@name="tiago_pro"]/link[@name="head_2_link"]/sensor[@name="head_front_camera_imu_sensor"]/gz_frame_id:<data-string>:L3889]: XML Element[gz_frame_id], child of element[sensor], not defined in SDF. Copying[gz_frame_id] as children of [sensor].
[INFO] [create-11]: process started with pid [2882]
[INFO] [create-12]: process started with pid [2884]
[INFO] [create-13]: process started with pid [2886]
[INFO] [create-14]: process started with pid [2888]
[INFO] [create-15]: process started with pid [2890]
[INFO] [create-16]: process started with pid [2892]
[INFO] [create-17]: process started with pid [2894]
[INFO] [create-18]: process started with pid [2896]
[INFO] [create-19]: process started with pid [2933]
[INFO] [create-20]: process started with pid [3010]
[INFO] [create-21]: process started with pid [3018]
[INFO] [create-22]: process started with pid [3024]
[INFO] [create-23]: process started with pid [3026]
[INFO] [create-24]: process started with pid [3028]
[INFO] [create-25]: process started with pid [3030]
[INFO] [create-26]: process started with pid [3034]
[INFO] [create-27]: process started with pid [3043]
[INFO] [create-28]: process started with pid [3045]
[INFO] [create-29]: process started with pid [3050]
[INFO] [create-30]: process started with pid [3055]
[INFO] [create-31]: process started with pid [3078]
[INFO] [create-32]: process started with pid [3094]
[INFO] [create-33]: process started with pid [3103]
[INFO] [create-34]: process started with pid [3142]
[INFO] [create-35]: process started with pid [3166]
[create-11] [INFO] [1789312141.339762836] [ros_gz_sim]: Requesting list of world names.
[create-12] [INFO] [1789312141.338086628] [ros_gz_sim]: Requesting list of world names.
[create-13] [INFO] [1789312141.334562327] [ros_gz_sim]: Requesting list of world names.
[create-14] [INFO] [1789312141.332063058] [ros_gz_sim]: Requesting list of world names.
[create-15] [INFO] [1789312141.333603223] [ros_gz_sim]: Requesting list of world names.
[create-16] [INFO] [1789312141.333736038] [ros_gz_sim]: Requesting list of world names.
[create-17] [INFO] [1789312141.350290134] [ros_gz_sim]: Requesting list of world names.
[create-18] [INFO] [1789312141.343705170] [ros_gz_sim]: Requesting list of world names.
[create-19] [INFO] [1789312141.367954753] [ros_gz_sim]: Requesting list of world names.
[create-20] [INFO] [1789312141.384027149] [ros_gz_sim]: Requesting list of world names.
[create-21] [INFO] [1789312141.412182207] [ros_gz_sim]: Requesting list of world names.
[create-22] [INFO] [1789312141.392976764] [ros_gz_sim]: Requesting list of world names.
[create-25] [INFO] [1789312141.412885748] [ros_gz_sim]: Requesting list of world names.
[create-27] [INFO] [1789312141.416528181] [ros_gz_sim]: Requesting list of world names.
[create-28] [INFO] [1789312141.396649957] [ros_gz_sim]: Requesting list of world names.
[create-23] [INFO] [1789312141.447728859] [ros_gz_sim]: Requesting list of world names.
[create-30] [INFO] [1789312141.403161321] [ros_gz_sim]: Requesting list of world names.
[create-26] [INFO] [1789312141.449535274] [ros_gz_sim]: Requesting list of world names.
[create-31] [INFO] [1789312141.417532778] [ros_gz_sim]: Requesting list of world names.
[create-32] [INFO] [1789312141.443522915] [ros_gz_sim]: Requesting list of world names.
[create-34] [INFO] [1789312141.468640128] [ros_gz_sim]: Requesting list of world names.
[create-29] [INFO] [1789312141.483186135] [ros_gz_sim]: Requesting list of world names.
[create-24] [INFO] [1789312141.485487243] [ros_gz_sim]: Requesting list of world names.
[create-33] [INFO] [1789312141.516047639] [ros_gz_sim]: Requesting list of world names.
[create-35] [INFO] [1789312141.521137792] [ros_gz_sim]: Requesting list of world names.
[navigation_node-8] [0m[INFO] [1789312142.586552843] [navigation_node]: HEALTH {"component": "navigation", "boot": "9d3f8ddfde8a4a91a3ee1e598f503937", "ready": false, "reason": "JOINT_STATE_NOT_FRESH", "active": "IDLE", "sim_time": 1.84, "clock_progress_age_wall": 0.0}[0m
[manipulation_node-7] [0m[INFO] [1789312142.589137557] [manipulation_node]: HEALTH {"component": "manipulation", "boot": "8ac49ea4cf99464989b284deccadba21", "ready": false, "reason": "WAITING_FOR_FRESH_JOINTS", "active": "IDLE:IDLE", "sim_time": 1.84, "clock_progress_age_wall": 0.0}[0m
[task_manager-9] [0m[INFO] [1789312142.643242322] [task_manager]: HEALTH {"component": "task", "boot": "532c318b82d44537a99b7482727aa170", "ready": false, "reason": "navigation:JOINT_STATE_NOT_FRESH, manipulation:WAITING_FOR_FRESH_JOINTS, perception:waiting for acquisition-time TF", "active": "WAITING_FOR_READY", "sim_time": 1.84, "clock_progress_age_wall": 0.0}[0m
[perception_node-6] [0m[INFO] [1789312142.661381006] [perception_node]: HEALTH {"component": "perception", "boot": "fad6caa1d2f241ddb5a0dba012fab9cf", "ready": false, "reason": "waiting for acquisition-time TF", "active": "BOOK:waiting for acquisition-time TF", "sim_time": 1.84, "clock_progress_age_wall": 0.0}[0m
[task_manager-9] [0m[INFO] [1789312142.695687445] [task_manager]: WAITING_FOR_READY: navigation:JOINT_STATE_NOT_FRESH, manipulation:WAITING_FOR_FRESH_JOINTS, perception:waiting for acquisition-time TF[0m
[create-27] [INFO] [1789312143.944610231] [ros_gz_sim]: Requested creation of entity.
[create-27] [INFO] [1789312143.944728544] [ros_gz_sim]: OK creation of entity.
[create-13] [INFO] [1789312143.944601343] [ros_gz_sim]: Requested creation of entity.
[create-13] [INFO] [1789312143.944725491] [ros_gz_sim]: OK creation of entity.
[create-35] [INFO] [1789312143.944635228] [ros_gz_sim]: Requested creation of entity.
[create-35] [INFO] [1789312143.944728269] [ros_gz_sim]: OK creation of entity.
[create-15] [INFO] [1789312143.944637822] [ros_gz_sim]: Requested creation of entity.
[create-15] [INFO] [1789312143.944728293] [ros_gz_sim]: OK creation of entity.
[create-11] [INFO] [1789312143.944696325] [ros_gz_sim]: Requested creation of entity.
[create-11] [INFO] [1789312143.944784414] [ros_gz_sim]: OK creation of entity.
[create-14] [INFO] [1789312143.944844449] [ros_gz_sim]: Requested creation of entity.
[create-14] [INFO] [1789312143.944905635] [ros_gz_sim]: OK creation of entity.
[create-23] [INFO] [1789312143.944882605] [ros_gz_sim]: Requested creation of entity.
[create-23] [INFO] [1789312143.944929785] [ros_gz_sim]: OK creation of entity.
[create-16] [INFO] [1789312143.944874725] [ros_gz_sim]: Requested creation of entity.
[create-16] [INFO] [1789312143.945113550] [ros_gz_sim]: OK creation of entity.
[create-24] [INFO] [1789312143.945263293] [ros_gz_sim]: Requested creation of entity.
[create-24] [INFO] [1789312143.945304430] [ros_gz_sim]: OK creation of entity.
[create-25] [INFO] [1789312143.945397918] [ros_gz_sim]: Requested creation of entity.
[create-25] [INFO] [1789312143.945496163] [ros_gz_sim]: OK creation of entity.
[create-18] [INFO] [1789312143.946123552] [ros_gz_sim]: Requested creation of entity.
[create-20] [INFO] [1789312143.946140774] [ros_gz_sim]: Requested creation of entity.
[create-20] [INFO] [1789312143.946208552] [ros_gz_sim]: OK creation of entity.
[create-18] [INFO] [1789312143.946271002] [ros_gz_sim]: OK creation of entity.
[create-34] [INFO] [1789312143.946278092] [ros_gz_sim]: Requested creation of entity.
[create-34] [INFO] [1789312143.946426621] [ros_gz_sim]: OK creation of entity.
[create-26] [INFO] [1789312143.946553693] [ros_gz_sim]: Requested creation of entity.
[create-26] [INFO] [1789312143.946656497] [ros_gz_sim]: OK creation of entity.
[create-12] [INFO] [1789312143.946622671] [ros_gz_sim]: Requested creation of entity.
[create-12] [INFO] [1789312143.946700095] [ros_gz_sim]: OK creation of entity.
[create-17] [INFO] [1789312143.946784152] [ros_gz_sim]: Requested creation of entity.
[create-17] [INFO] [1789312143.946849618] [ros_gz_sim]: OK creation of entity.
[create-32] [INFO] [1789312143.946857529] [ros_gz_sim]: Requested creation of entity.
[create-29] [INFO] [1789312143.946953498] [ros_gz_sim]: Requested creation of entity.
[create-29] [INFO] [1789312143.946990670] [ros_gz_sim]: OK creation of entity.
[create-31] [INFO] [1789312143.946995777] [ros_gz_sim]: Requested creation of entity.
[create-31] [INFO] [1789312143.947040940] [ros_gz_sim]: OK creation of entity.
[create-30] [INFO] [1789312143.947268044] [ros_gz_sim]: Requested creation of entity.
[create-30] [INFO] [1789312143.947375019] [ros_gz_sim]: OK creation of entity.
[create-22] [INFO] [1789312143.947283627] [ros_gz_sim]: Requested creation of entity.
[create-22] [INFO] [1789312143.947534720] [ros_gz_sim]: OK creation of entity.
[create-32] [INFO] [1789312143.947784988] [ros_gz_sim]: OK creation of entity.
[create-19] [INFO] [1789312143.948260587] [ros_gz_sim]: Requested creation of entity.
[create-19] [INFO] [1789312143.948301707] [ros_gz_sim]: OK creation of entity.
[create-33] [INFO] [1789312143.948912287] [ros_gz_sim]: Requested creation of entity.
[create-33] [INFO] [1789312143.948992346] [ros_gz_sim]: OK creation of entity.
[create-21] [INFO] [1789312143.949434024] [ros_gz_sim]: Requested creation of entity.
[create-21] [INFO] [1789312143.949506859] [ros_gz_sim]: OK creation of entity.
[create-28] [INFO] [1789312143.949479302] [ros_gz_sim]: Requested creation of entity.
[create-28] [INFO] [1789312143.949542090] [ros_gz_sim]: OK creation of entity.
[INFO] [create-20]: process has finished cleanly [pid 3010]
[INFO] [create-11]: process has finished cleanly [pid 2882]
[INFO] [create-13]: process has finished cleanly [pid 2886]
[INFO] [create-29]: process has finished cleanly [pid 3050]
[INFO] [create-34]: process has finished cleanly [pid 3142]
[INFO] [create-27]: process has finished cleanly [pid 3043]
[INFO] [create-15]: process has finished cleanly [pid 2890]
[INFO] [create-22]: process has finished cleanly [pid 3024]
[INFO] [create-25]: process has finished cleanly [pid 3030]
[INFO] [create-24]: process has finished cleanly [pid 3028]
[INFO] [create-28]: process has finished cleanly [pid 3045]
[INFO] [create-23]: process has finished cleanly [pid 3026]
[INFO] [create-12]: process has finished cleanly [pid 2884]
[INFO] [create-14]: process has finished cleanly [pid 2888]
[INFO] [create-26]: process has finished cleanly [pid 3034]
[INFO] [create-16]: process has finished cleanly [pid 2892]
[INFO] [create-31]: process has finished cleanly [pid 3078]
[INFO] [create-17]: process has finished cleanly [pid 2894]
[INFO] [create-30]: process has finished cleanly [pid 3055]
[INFO] [create-32]: process has finished cleanly [pid 3094]
[INFO] [create-35]: process has finished cleanly [pid 3166]
[INFO] [create-19]: process has finished cleanly [pid 2933]
[INFO] [create-18]: process has finished cleanly [pid 2896]
[INFO] [create-33]: process has finished cleanly [pid 3103]
[INFO] [create-21]: process has finished cleanly [pid 3018]
[INFO] [spawner-36]: process started with pid [3307]
[INFO] [spawner-37]: process started with pid [3309]
[INFO] [spawner-38]: process started with pid [3311]
[INFO] [spawner-39]: process started with pid [3313]
[INFO] [spawner-40]: process started with pid [3315]
[INFO] [spawner-41]: process started with pid [3317]
[INFO] [spawner-42]: process started with pid [3319]
[spawner-41] [INFO] [1789312144.505315891] [spawner_gripper_left_controller_raw]: [96mSetting controller param "params_file" to "['/opt/erc_ws/install/erc_bringup/share/erc_bringup/config/controller_params.yaml']" for [1mgripper_left_controller_raw[0m
[gz-1] [INFO] [1789312144.527696826] [controller_manager]: Loading controller 'gripper_left_controller_raw'
[spawner-40] [INFO] [1789312144.546685290] [spawner_torso_controller]: waiting for service /controller_manager/list_controllers to become available...
[spawner-38] [INFO] [1789312144.548722717] [spawner_arm_right_controller]: [96mSetting controller param "params_file" to "['/opt/erc_ws/install/erc_bringup/share/erc_bringup/config/controller_params.yaml']" for [1marm_right_controller[0m
[gz-1] [WARN] [1789312144.550108803] [gripper_left_controller_raw]: [Deprecated]: "allow_nonzero_velocity_at_trajectory_end" is set to true. The default behavior will change to false.
[spawner-37] [INFO] [1789312144.551366264] [spawner_arm_left_controller]: [96mSetting controller param "params_file" to "['/opt/erc_ws/install/erc_bringup/share/erc_bringup/config/controller_params.yaml']" for [1marm_left_controller[0m
[spawner-42] [INFO] [1789312144.637352489] [spawner_gripper_right_controller_raw]: [96mSetting controller param "params_file" to "['/opt/erc_ws/install/erc_bringup/share/erc_bringup/config/controller_params.yaml']" for [1mgripper_right_controller_raw[0m
[gz-1] [INFO] [1789312144.913167291] [controller_manager]: Loading controller 'arm_right_controller'
[spawner-41] [INFO] [1789312144.916528209] [spawner_gripper_left_controller_raw]: [94mLoaded [1mgripper_left_controller_raw[0m
[spawner-40] [INFO] [1789312144.921133680] [spawner_torso_controller]: [96mSetting controller param "params_file" to "['/opt/erc_ws/install/erc_bringup/share/erc_bringup/config/controller_params.yaml']" for [1mtorso_controller[0m
[gz-1] [WARN] [1789312144.921854854] [arm_right_controller]: [Deprecated]: "allow_nonzero_velocity_at_trajectory_end" is set to true. The default behavior will change to false.
[spawner-39] [INFO] [1789312144.932394593] [spawner_head_controller]: [96mSetting controller param "params_file" to "['/opt/erc_ws/install/erc_bringup/share/erc_bringup/config/controller_params.yaml']" for [1mhead_controller[0m
[spawner-38] [INFO] [1789312144.940430515] [spawner_arm_right_controller]: [94mLoaded [1marm_right_controller[0m
[gz-1] [INFO] [1789312144.940598977] [controller_manager]: Loading controller 'arm_left_controller'
[gz-1] [WARN] [1789312144.951379526] [arm_left_controller]: [Deprecated]: "allow_nonzero_velocity_at_trajectory_end" is set to true. The default behavior will change to false.
[gz-1] [INFO] [1789312144.955575867] [controller_manager]: Loading controller 'gripper_right_controller_raw'
[spawner-37] [INFO] [1789312144.957314652] [spawner_arm_left_controller]: [94mLoaded [1marm_left_controller[0m
[gz-1] [WARN] [1789312144.963961588] [gripper_right_controller_raw]: [Deprecated]: "allow_nonzero_velocity_at_trajectory_end" is set to true. The default behavior will change to false.
[gz-1] [INFO] [1789312144.968709253] [controller_manager]: Loading controller 'joint_state_broadcaster'
[spawner-42] [INFO] [1789312144.970217054] [spawner_gripper_right_controller_raw]: [94mLoaded [1mgripper_right_controller_raw[0m
[gz-1] [INFO] [1789312144.979675509] [controller_manager]: Loading controller 'torso_controller'
[gz-1] [WARN] [1789312144.984326512] [torso_controller]: [Deprecated]: "allow_nonzero_velocity_at_trajectory_end" is set to true. The default behavior will change to false.
[gz-1] [INFO] [1789312144.986301139] [controller_manager]: Loading controller 'head_controller'
[spawner-40] [INFO] [1789312144.986724310] [spawner_torso_controller]: [94mLoaded [1mtorso_controller[0m
[spawner-36] [INFO] [1789312144.995501171] [spawner_joint_state_broadcaster]: [94mLoaded [1mjoint_state_broadcaster[0m
[gz-1] [WARN] [1789312144.995768578] [head_controller]: [Deprecated]: "allow_nonzero_velocity_at_trajectory_end" is set to true. The default behavior will change to false.
[gz-1] [INFO] [1789312145.000134207] [controller_manager]: Configuring controller 'gripper_left_controller_raw'
[gz-1] [INFO] [1789312145.000402330] [gripper_left_controller_raw]: No specific joint names are used for command interfaces. Using 'joints' parameter.
[gz-1] [INFO] [1789312145.000438795] [gripper_left_controller_raw]: Command interfaces are [position] and state interfaces are [position velocity].
[gz-1] [INFO] [1789312145.000484412] [gripper_left_controller_raw]: Using 'splines' interpolation method.
[gz-1] [INFO] [1789312145.006813976] [gripper_left_controller_raw]: Controller state will be published at 50.00 Hz.
[gz-1] [INFO] [1789312145.012521427] [gripper_left_controller_raw]: Action status changes will be monitored at 20.00 Hz.
[gz-1] [INFO] [1789312145.021455626] [controller_manager]: Configuring controller 'arm_right_controller'
[gz-1] [INFO] [1789312145.021685428] [arm_right_controller]: No specific joint names are used for command interfaces. Using 'joints' parameter.
[gz-1] [INFO] [1789312145.021712565] [arm_right_controller]: Command interfaces are [position] and state interfaces are [position velocity].
[gz-1] [INFO] [1789312145.021729538] [arm_right_controller]: Using 'splines' interpolation method.
[gz-1] [INFO] [1789312145.022902555] [arm_right_controller]: Controller state will be published at 50.00 Hz.
[gz-1] [INFO] [1789312145.024703688] [arm_right_controller]: Action status changes will be monitored at 20.00 Hz.
[gz-1] [INFO] [1789312145.030337728] [controller_manager]: Configuring controller 'arm_left_controller'
[gz-1] [INFO] [1789312145.031147605] [arm_left_controller]: No specific joint names are used for command interfaces. Using 'joints' parameter.
[gz-1] [INFO] [1789312145.031189857] [arm_left_controller]: Command interfaces are [position] and state interfaces are [position velocity].
[gz-1] [INFO] [1789312145.031209575] [arm_left_controller]: Using 'splines' interpolation method.
[gz-1] [INFO] [1789312145.031712037] [arm_left_controller]: Controller state will be published at 50.00 Hz.
[gz-1] [INFO] [1789312145.033331980] [arm_left_controller]: Action status changes will be monitored at 20.00 Hz.
[gz-1] [INFO] [1789312145.039661311] [controller_manager]: Configuring controller 'gripper_right_controller_raw'
[gz-1] [INFO] [1789312145.039762627] [gripper_right_controller_raw]: No specific joint names are used for command interfaces. Using 'joints' parameter.
[gz-1] [INFO] [1789312145.039778846] [gripper_right_controller_raw]: Command interfaces are [position] and state interfaces are [position velocity].
[gz-1] [INFO] [1789312145.039789088] [gripper_right_controller_raw]: Using 'splines' interpolation method.
[gz-1] [INFO] [1789312145.040086952] [gripper_right_controller_raw]: Controller state will be published at 50.00 Hz.
[gz-1] [INFO] [1789312145.041751341] [gripper_right_controller_raw]: Action status changes will be monitored at 20.00 Hz.
[gz-1] [INFO] [1789312145.050065676] [controller_manager]: Configuring controller 'torso_controller'
[gz-1] [INFO] [1789312145.050328742] [torso_controller]: No specific joint names are used for command interfaces. Using 'joints' parameter.
[gz-1] [INFO] [1789312145.050381572] [torso_controller]: Command interfaces are [position] and state interfaces are [position].
[gz-1] [INFO] [1789312145.050412040] [torso_controller]: Using 'splines' interpolation method.
[gz-1] [INFO] [1789312145.051229048] [torso_controller]: Controller state will be published at 50.00 Hz.
[gz-1] [INFO] [1789312145.054009027] [torso_controller]: Action status changes will be monitored at 20.00 Hz.
[gz-1] [INFO] [1789312145.059040505] [controller_manager]: Configuring controller 'joint_state_broadcaster'
[gz-1] [INFO] [1789312145.059192433] [joint_state_broadcaster]: 'joints' or 'interfaces' parameter is empty. All available state interfaces will be published
[spawner-41] [INFO] [1789312145.080485016] [spawner_gripper_left_controller_raw]: [92mConfigured and activated [1mgripper_left_controller_raw[0m
[spawner-38] [INFO] [1789312145.094582533] [spawner_arm_right_controller]: [92mConfigured and activated [1marm_right_controller[0m
[spawner-37] [INFO] [1789312145.109270505] [spawner_arm_left_controller]: [92mConfigured and activated [1marm_left_controller[0m
[spawner-40] [INFO] [1789312145.122889630] [spawner_torso_controller]: [92mConfigured and activated [1mtorso_controller[0m
[spawner-39] [INFO] [1789312145.137525796] [spawner_head_controller]: [94mLoaded [1mhead_controller[0m
[spawner-42] [INFO] [1789312145.140075115] [spawner_gripper_right_controller_raw]: [92mConfigured and activated [1mgripper_right_controller_raw[0m
[spawner-36] [INFO] [1789312145.152238084] [spawner_joint_state_broadcaster]: [92mConfigured and activated [1mjoint_state_broadcaster[0m
[gz-1] [INFO] [1789312145.152305461] [controller_manager]: Configuring controller 'head_controller'
[gz-1] [INFO] [1789312145.152477830] [head_controller]: No specific joint names are used for command interfaces. Using 'joints' parameter.
[gz-1] [INFO] [1789312145.152519018] [head_controller]: Command interfaces are [position] and state interfaces are [position velocity].
[gz-1] [INFO] [1789312145.152539742] [head_controller]: Using 'splines' interpolation method.
[gz-1] [INFO] [1789312145.152925373] [head_controller]: Controller state will be published at 50.00 Hz.
[gz-1] [INFO] [1789312145.155243462] [head_controller]: Action status changes will be monitored at 20.00 Hz.
[spawner-39] [INFO] [1789312145.178038151] [spawner_head_controller]: [92mConfigured and activated [1mhead_controller[0m
[INFO] [spawner-41]: process has finished cleanly [pid 3317]
[INFO] [gripper_command_clamp.py-43]: process started with pid [3405]
[INFO] [spawner-37]: process has finished cleanly [pid 3309]
[INFO] [spawner-42]: process has finished cleanly [pid 3319]
[INFO] [spawner-38]: process has finished cleanly [pid 3311]
[INFO] [spawner-40]: process has finished cleanly [pid 3315]
[INFO] [spawner-39]: process has finished cleanly [pid 3313]
[INFO] [spawner-36]: process has finished cleanly [pid 3307]
[gripper_command_clamp.py-43] [INFO] [1789312145.505642044] [gripper_command_clamp]: Gripper command clamp active for: gripper_left_controller, gripper_right_controller
[task_manager-9] [0m[INFO] [1789312145.795235184] [task_manager]: WAITING_FOR_READY: navigation:JOINT_STATE_NOT_FRESH, manipulation:WAITING_FOR_FRESH_JOINTS, perception:waiting for acquisition-time TF[0m
[task_manager-9] [0m[INFO] [1789312148.195307605] [task_manager]: RUNNING:TUCKING_ARMS[0m
[manipulation_node-7] [0m[INFO] [1789312148.196315323] [manipulation_node]: ACCEPTED:TUCK_ARMS[0m
[task_manager-9] [0m[INFO] [1789312148.196317818] [task_manager]: MANIPULATION COMMAND {"id": "bc0d4c528a71:1", "command": "TUCK_ARMS"}[0m
[manipulation_node-7] [0m[INFO] [1789312148.197328553] [manipulation_node]: RUNNING:TUCK_ARMS[0m
[manipulation_node-7] [0m[INFO] [1789312148.197616300] [manipulation_node]: STAGE TUCK_ARMS:TUCK_RAISE[0m
[gz-1] [INFO] [1789312148.198477728] [torso_controller]: Received new action goal
[gz-1] [INFO] [1789312148.198697431] [torso_controller]: Accepted new action goal
[task_manager-9] [0m[INFO] [1789312148.295104024] [task_manager]: MISSION state=TUCKING_ARMS age_sim=0.1s acked=True command=('manipulation', {'id': 'bc0d4c528a71:1', 'command': 'TUCK_ARMS'})[0m
[navigation_node-8] [0m[INFO] [1789312148.336182680] [navigation_node]: HEALTH {"component": "navigation", "boot": "9d3f8ddfde8a4a91a3ee1e598f503937", "ready": true, "reason": "odom_joints_lasers_ready", "active": "IDLE", "sim_time": 3.91, "clock_progress_age_wall": 0.0}[0m
[perception_node-6] [0m[INFO] [1789312148.412354737] [perception_node]: HEALTH {"component": "perception", "boot": "fad6caa1d2f241ddb5a0dba012fab9cf", "ready": true, "reason": "RGBD_READY; BOOK:NO_SEGMENTED_DEPTH_CANDIDATE", "active": "BOOK:BOOK:NO_SEGMENTED_DEPTH_CANDIDATE", "sim_time": 3.9520000000000004, "clock_progress_age_wall": 0.0}[0m
[manipulation_node-7] [0m[INFO] [1789312148.589914067] [manipulation_node]: HEALTH {"component": "manipulation", "boot": "8ac49ea4cf99464989b284deccadba21", "ready": true, "reason": "controllers_kinematics_joints_scene_ready", "active": "TUCK_ARMS:TUCK_RAISE", "sim_time": 4.05, "clock_progress_age_wall": 0.0}[0m
[task_manager-9] [0m[INFO] [1789312148.642513924] [task_manager]: HEALTH {"component": "task", "boot": "532c318b82d44537a99b7482727aa170", "ready": true, "reason": "ready", "active": "TUCKING_ARMS", "sim_time": 4.0840000000000005, "clock_progress_age_wall": 0.0}[0m
[gz-1] [ERROR] [1789312151.103590722] [tolerances]: State tolerances failed for joint 0:
[gz-1] [ERROR] [1789312151.103648335] [tolerances]: Position Error: 0.035125, Position Tolerance: 0.035000
[gz-1] [WARN] [1789312151.103664594] [torso_controller]: Aborted due to state tolerance violation
[manipulation_node-7] [0m[INFO] [1789312151.167740007] [manipulation_node]: FAILED:TUCK_ARMS:torso:CONTROLLER_RESULT:6:-4:Aborted due to path tolerance violation[0m
[task_manager-9] [0m[INFO] [1789312151.168337067] [task_manager]: NAVIGATION COMMAND {"id": "bc0d4c528a71:2", "command": "STOP"}[0m
[navigation_node-8] [0m[INFO] [1789312151.168871203] [navigation_node]: ACCEPTED:STOP[0m
[task_manager-9] [0m[INFO] [1789312151.169026454] [task_manager]: MANIPULATION COMMAND {"id": "bc0d4c528a71:3", "command": "STOP"}[0m
[task_manager-9] [0m[INFO] [1789312151.169633236] [task_manager]: FAILED:MISSION:manipulation:FAILED:TUCK_ARMS:torso:CONTROLLER_RESULT:6:-4:Aborted due to path tolerance violation[0m
[navigation_node-8] [0m[INFO] [1789312151.170180748] [navigation_node]: STOPPED[0m
[manipulation_node-7] [0m[INFO] [1789312151.170642468] [manipulation_node]: ACCEPTED:STOP[0m
[manipulation_node-7] [0m[INFO] [1789312151.172936790] [manipulation_node]: STOPPED[0m
[task_manager-9] [0m[INFO] [1789312151.195265649] [task_manager]: FAILED:MISSION:manipulation:FAILED:TUCK_ARMS:torso:CONTROLLER_RESULT:6:-4:Aborted due to path tolerance violation[0m
[task_manager-9] [0m[INFO] [1789312153.642881388] [task_manager]: HEALTH {"component": "task", "boot": "532c318b82d44537a99b7482727aa170", "ready": true, "reason": "ready", "active": "FAILED", "sim_time": 6.220000000000001, "clock_progress_age_wall": 0.0}[0m
[manipulation_node-7] [0m[INFO] [1789312154.089852285] [manipulation_node]: HEALTH {"component": "manipulation", "boot": "8ac49ea4cf99464989b284deccadba21", "ready": true, "reason": "controllers_kinematics_joints_scene_ready", "active": "IDLE:IDLE", "sim_time": 6.394, "clock_progress_age_wall": 0.0}[0m
[navigation_node-8] [0m[INFO] [1789312154.336207273] [navigation_node]: HEALTH {"component": "navigation", "boot": "9d3f8ddfde8a4a91a3ee1e598f503937", "ready": true, "reason": "odom_joints_lasers_ready", "active": "IDLE", "sim_time": 6.486000000000001, "clock_progress_age_wall": 0.0}[0m
[perception_node-6] [0m[INFO] [1789312154.411264702] [perception_node]: HEALTH {"component": "perception", "boot": "fad6caa1d2f241ddb5a0dba012fab9cf", "ready": true, "reason": "RGBD_READY; BOOK:NO_SEGMENTED_DEPTH_CANDIDATE", "active": "BOOK:BOOK:NO_SEGMENTED_DEPTH_CANDIDATE", "sim_time": 6.508, "clock_progress_age_wall": 0.0}[0m
[task_manager-9] [0m[INFO] [1789312156.295159753] [task_manager]: FAILED:MISSION:manipulation:FAILED:TUCK_ARMS:torso:CONTROLLER_RESULT:6:-4:Aborted due to path tolerance violation[0m
[task_manager-9] [0m[INFO] [1789312159.392174829] [task_manager]: HEALTH {"component": "task", "boot": "532c318b82d44537a99b7482727aa170", "ready": true, "reason": "ready", "active": "FAILED", "sim_time": 8.514000000000001, "clock_progress_age_wall": 0.0}[0m
[manipulation_node-7] [0m[INFO] [1789312159.841756654] [manipulation_node]: HEALTH {"component": "manipulation", "boot": "8ac49ea4cf99464989b284deccadba21", "ready": true, "reason": "controllers_kinematics_joints_scene_ready", "active": "IDLE:IDLE", "sim_time": 8.690000000000001, "clock_progress_age_wall": 0.0}[0m
[navigation_node-8] [0m[INFO] [1789312160.086117375] [navigation_node]: HEALTH {"component": "navigation", "boot": "9d3f8ddfde8a4a91a3ee1e598f503937", "ready": true, "reason": "odom_joints_lasers_ready", "active": "IDLE", "sim_time": 8.784, "clock_progress_age_wall": 0.0}[0m
[perception_node-6] [0m[INFO] [1789312160.411186753] [perception_node]: HEALTH {"component": "perception", "boot": "fad6caa1d2f241ddb5a0dba012fab9cf", "ready": true, "reason": "RGBD_READY; BOOK:NO_SEGMENTED_DEPTH_CANDIDATE", "active": "BOOK:BOOK:NO_SEGMENTED_DEPTH_CANDIDATE", "sim_time": 8.914, "clock_progress_age_wall": 0.0}[0m
[task_manager-9] [0m[INFO] [1789312161.394810159] [task_manager]: FAILED:MISSION:manipulation:FAILED:TUCK_ARMS:torso:CONTROLLER_RESULT:6:-4:Aborted due to path tolerance violation[0m
[task_manager-9] [0m[INFO] [1789312164.892193994] [task_manager]: HEALTH {"component": "task", "boot": "532c318b82d44537a99b7482727aa170", "ready": true, "reason": "ready", "active": "FAILED", "sim_time": 10.726, "clock_progress_age_wall": 0.0}[0m
[manipulation_node-7] [0m[INFO] [1789312165.590609473] [manipulation_node]: HEALTH {"component": "manipulation", "boot": "8ac49ea4cf99464989b284deccadba21", "ready": true, "reason": "controllers_kinematics_joints_scene_ready", "active": "IDLE:IDLE", "sim_time": 11.014000000000001, "clock_progress_age_wall": 0.0}[0m
[navigation_node-8] [0m[INFO] [1789312165.835418590] [navigation_node]: HEALTH {"component": "navigation", "boot": "9d3f8ddfde8a4a91a3ee1e598f503937", "ready": true, "reason": "odom_joints_lasers_ready", "active": "IDLE", "sim_time": 11.118, "clock_progress_age_wall": 0.0}[0m
[perception_node-6] [0m[INFO] [1789312166.160923571] [perception_node]: HEALTH {"component": "perception", "boot": "fad6caa1d2f241ddb5a0dba012fab9cf", "ready": true, "reason": "RGBD_READY; waiting for acquisition-time TF", "active": "BOOK:waiting for acquisition-time TF", "sim_time": 11.246, "clock_progress_age_wall": 0.0}[0m
[task_manager-9] [0m[INFO] [1789312166.494375853] [task_manager]: FAILED:MISSION:manipulation:FAILED:TUCK_ARMS:torso:CONTROLLER_RESULT:6:-4:Aborted due to path tolerance violation[0m
[task_manager-9] [0m[INFO] [1789312171.141701485] [task_manager]: HEALTH {"component": "task", "boot": "532c318b82d44537a99b7482727aa170", "ready": true, "reason": "ready", "active": "FAILED", "sim_time": 13.284, "clock_progress_age_wall": 0.0}[0m
[manipulation_node-7] [0m[INFO] [1789312171.339535191] [manipulation_node]: HEALTH {"component": "manipulation", "boot": "8ac49ea4cf99464989b284deccadba21", "ready": true, "reason": "controllers_kinematics_joints_scene_ready", "active": "IDLE:IDLE", "sim_time": 13.366000000000001, "clock_progress_age_wall": 0.0}[0m
[navigation_node-8] [0m[INFO] [1789312171.585803111] [navigation_node]: HEALTH {"component": "navigation", "boot": "9d3f8ddfde8a4a91a3ee1e598f503937", "ready": true, "reason": "odom_joints_lasers_ready", "active": "IDLE", "sim_time": 13.462000000000002, "clock_progress_age_wall": 0.0}[0m
[task_manager-9] [0m[INFO] [1789312171.594506938] [task_manager]: FAILED:MISSION:manipulation:FAILED:TUCK_ARMS:torso:CONTROLLER_RESULT:6:-4:Aborted due to path tolerance violation[0m
[perception_node-6] [0m[INFO] [1789312172.410219663] [perception_node]: HEALTH {"component": "perception", "boot": "fad6caa1d2f241ddb5a0dba012fab9cf", "ready": true, "reason": "RGBD_READY; BOOK:NO_SEGMENTED_DEPTH_CANDIDATE", "active": "BOOK:BOOK:NO_SEGMENTED_DEPTH_CANDIDATE", "sim_time": 13.812000000000001, "clock_progress_age_wall": 0.0}[0m
[task_manager-9] [0m[INFO] [1789312176.641891409] [task_manager]: HEALTH {"component": "task", "boot": "532c318b82d44537a99b7482727aa170", "ready": true, "reason": "ready", "active": "FAILED", "sim_time": 15.564000000000002, "clock_progress_age_wall": 0.0}[0m
[task_manager-9] [0m[INFO] [1789312176.694112691] [task_manager]: FAILED:MISSION:manipulation:FAILED:TUCK_ARMS:torso:CONTROLLER_RESULT:6:-4:Aborted due to path tolerance violation[0m
[manipulation_node-7] [0m[INFO] [1789312176.839626350] [manipulation_node]: HEALTH {"component": "manipulation", "boot": "8ac49ea4cf99464989b284deccadba21", "ready": true, "reason": "controllers_kinematics_joints_scene_ready", "active": "IDLE:IDLE", "sim_time": 15.644, "clock_progress_age_wall": 0.0}[0m
[navigation_node-8] [0m[INFO] [1789312177.835290613] [navigation_node]: HEALTH {"component": "navigation", "boot": "9d3f8ddfde8a4a91a3ee1e598f503937", "ready": true, "reason": "odom_joints_lasers_ready", "active": "IDLE", "sim_time": 16.064, "clock_progress_age_wall": 0.0}[0m
[perception_node-6] [0m[INFO] [1789312178.160372013] [perception_node]: HEALTH {"component": "perception", "boot": "fad6caa1d2f241ddb5a0dba012fab9cf", "ready": true, "reason": "RGBD_READY; BOOK:NO_SEGMENTED_DEPTH_CANDIDATE", "active": "BOOK:BOOK:NO_SEGMENTED_DEPTH_CANDIDATE", "sim_time": 16.188000000000002, "clock_progress_age_wall": 0.0}[0m
[task_manager-9] [0m[INFO] [1789312181.794038167] [task_manager]: FAILED:MISSION:manipulation:FAILED:TUCK_ARMS:torso:CONTROLLER_RESULT:6:-4:Aborted due to path tolerance violation[0m
[manipulation_node-7] [0m[INFO] [1789312182.338321385] [manipulation_node]: HEALTH {"component": "manipulation", "boot": "8ac49ea4cf99464989b284deccadba21", "ready": true, "reason": "controllers_kinematics_joints_scene_ready", "active": "IDLE:IDLE", "sim_time": 17.900000000000002, "clock_progress_age_wall": 0.0}[0m
[task_manager-9] [0m[INFO] [1789312182.641759379] [task_manager]: HEALTH {"component": "task", "boot": "532c318b82d44537a99b7482727aa170", "ready": true, "reason": "ready", "active": "FAILED", "sim_time": 18.022000000000002, "clock_progress_age_wall": 0.0}[0m
[navigation_node-8] [0m[INFO] [1789312183.585554956] [navigation_node]: HEALTH {"component": "navigation", "boot": "9d3f8ddfde8a4a91a3ee1e598f503937", "ready": true, "reason": "odom_joints_lasers_ready", "active": "IDLE", "sim_time": 18.426000000000002, "clock_progress_age_wall": 0.0}[0m
[perception_node-6] [0m[INFO] [1789312183.909642989] [perception_node]: HEALTH {"component": "perception", "boot": "fad6caa1d2f241ddb5a0dba012fab9cf", "ready": true, "reason": "RGBD_READY; waiting for acquisition-time TF", "active": "BOOK:waiting for acquisition-time TF", "sim_time": 18.576, "clock_progress_age_wall": 0.0}[0m
[task_manager-9] [0m[INFO] [1789312186.894027878] [task_manager]: FAILED:MISSION:manipulation:FAILED:TUCK_ARMS:torso:CONTROLLER_RESULT:6:-4:Aborted due to path tolerance violation[0m
[manipulation_node-7] [0m[INFO] [1789312188.089673176] [manipulation_node]: HEALTH {"component": "manipulation", "boot": "8ac49ea4cf99464989b284deccadba21", "ready": true, "reason": "controllers_kinematics_joints_scene_ready", "active": "IDLE:IDLE", "sim_time": 20.3, "clock_progress_age_wall": 0.0}[0m
[task_manager-9] [0m[INFO] [1789312188.640902930] [task_manager]: HEALTH {"component": "task", "boot": "532c318b82d44537a99b7482727aa170", "ready": true, "reason": "ready", "active": "FAILED", "sim_time": 20.522000000000002, "clock_progress_age_wall": 0.0}[0m
[navigation_node-8] [0m[INFO] [1789312189.334895962] [navigation_node]: HEALTH {"component": "navigation", "boot": "9d3f8ddfde8a4a91a3ee1e598f503937", "ready": true, "reason": "odom_joints_lasers_ready", "active": "IDLE", "sim_time": 20.8, "clock_progress_age_wall": 0.0}[0m
[perception_node-6] [0m[INFO] [1789312189.409985451] [perception_node]: HEALTH {"component": "perception", "boot": "fad6caa1d2f241ddb5a0dba012fab9cf", "ready": true, "reason": "RGBD_READY; BOOK:NO_SEGMENTED_DEPTH_CANDIDATE", "active": "BOOK:BOOK:NO_SEGMENTED_DEPTH_CANDIDATE", "sim_time": 20.832, "clock_progress_age_wall": 0.0}[0m
[task_manager-9] [0m[INFO] [1789312191.993974189] [task_manager]: FAILED:MISSION:manipulation:FAILED:TUCK_ARMS:torso:CONTROLLER_RESULT:6:-4:Aborted due to path tolerance violation[0m
[manipulation_node-7] [0m[INFO] [1789312193.589439420] [manipulation_node]: HEALTH {"component": "manipulation", "boot": "8ac49ea4cf99464989b284deccadba21", "ready": true, "reason": "controllers_kinematics_joints_scene_ready", "active": "IDLE:IDLE", "sim_time": 22.582, "clock_progress_age_wall": 0.0}[0m
[task_manager-9] [0m[INFO] [1789312194.141597721] [task_manager]: HEALTH {"component": "task", "boot": "532c318b82d44537a99b7482727aa170", "ready": true, "reason": "ready", "active": "FAILED", "sim_time": 22.804000000000002, "clock_progress_age_wall": 0.0}[0m
[navigation_node-8] [0m[INFO] [1789312195.334556668] [navigation_node]: HEALTH {"component": "navigation", "boot": "9d3f8ddfde8a4a91a3ee1e598f503937", "ready": true, "reason": "odom_joints_lasers_ready", "active": "IDLE", "sim_time": 23.286, "clock_progress_age_wall": 0.0}[0m
[perception_node-6] [0m[INFO] [1789312195.409604641] [perception_node]: HEALTH {"component": "perception", "boot": "fad6caa1d2f241ddb5a0dba012fab9cf", "ready": true, "reason": "RGBD_READY; BOOK:NO_SEGMENTED_DEPTH_CANDIDATE", "active": "BOOK:BOOK:NO_SEGMENTED_DEPTH_CANDIDATE", "sim_time": 23.318, "clock_progress_age_wall": 0.0}[0m
[task_manager-9] [0m[INFO] [1789312197.093386014] [task_manager]: FAILED:MISSION:manipulation:FAILED:TUCK_ARMS:torso:CONTROLLER_RESULT:6:-4:Aborted due to path tolerance violation[0m
[manipulation_node-7] [0m[INFO] [1789312199.588320790] [manipulation_node]: HEALTH {"component": "manipulation", "boot": "8ac49ea4cf99464989b284deccadba21", "ready": true, "reason": "controllers_kinematics_joints_scene_ready", "active": "IDLE:IDLE", "sim_time": 24.956000000000003, "clock_progress_age_wall": 0.0}[0m
[task_manager-9] [0m[INFO] [1789312200.390855161] [task_manager]: HEALTH {"component": "task", "boot": "532c318b82d44537a99b7482727aa170", "ready": true, "reason": "ready", "active": "FAILED", "sim_time": 25.264000000000003, "clock_progress_age_wall": 0.0}[0m
[navigation_node-8] [0m[INFO] [1789312201.335155823] [navigation_node]: HEALTH {"component": "navigation", "boot": "9d3f8ddfde8a4a91a3ee1e598f503937", "ready": true, "reason": "odom_joints_lasers_ready", "active": "IDLE", "sim_time": 25.602, "clock_progress_age_wall": 0.0}[0m
[perception_node-6] [0m[INFO] [1789312201.409893368] [perception_node]: HEALTH {"component": "perception", "boot": "fad6caa1d2f241ddb5a0dba012fab9cf", "ready": true, "reason": "RGBD_READY; BOOK:NO_SEGMENTED_DEPTH_CANDIDATE", "active": "BOOK:BOOK:NO_SEGMENTED_DEPTH_CANDIDATE", "sim_time": 25.630000000000003, "clock_progress_age_wall": 0.0}[0m
[task_manager-9] [0m[INFO] [1789312202.192886946] [task_manager]: FAILED:MISSION:manipulation:FAILED:TUCK_ARMS:torso:CONTROLLER_RESULT:6:-4:Aborted due to path tolerance violation[0m
[manipulation_node-7] [0m[INFO] [1789312205.088421968] [manipulation_node]: HEALTH {"component": "manipulation", "boot": "8ac49ea4cf99464989b284deccadba21", "ready": true, "reason": "controllers_kinematics_joints_scene_ready", "active": "IDLE:IDLE", "sim_time": 27.03, "clock_progress_age_wall": 0.0}[0m
[task_manager-9] [0m[INFO] [1789312206.140476619] [task_manager]: HEALTH {"component": "task", "boot": "532c318b82d44537a99b7482727aa170", "ready": true, "reason": "ready", "active": "FAILED", "sim_time": 27.452, "clock_progress_age_wall": 0.0}[0m
[perception_node-6] [0m[INFO] [1789312207.159488493] [perception_node]: HEALTH {"component": "perception", "boot": "fad6caa1d2f241ddb5a0dba012fab9cf", "ready": true, "reason": "RGBD_READY; BOOK:NO_SEGMENTED_DEPTH_CANDIDATE", "active": "BOOK:BOOK:NO_SEGMENTED_DEPTH_CANDIDATE", "sim_time": 27.858, "clock_progress_age_wall": 0.0}[0m
[task_manager-9] [0m[INFO] [1789312207.293639252] [task_manager]: FAILED:MISSION:manipulation:FAILED:TUCK_ARMS:torso:CONTROLLER_RESULT:6:-4:Aborted due to path tolerance violation[0m
[navigation_node-8] [0m[INFO] [1789312207.334722530] [navigation_node]: HEALTH {"component": "navigation", "boot": "9d3f8ddfde8a4a91a3ee1e598f503937", "ready": true, "reason": "odom_joints_lasers_ready", "active": "IDLE", "sim_time": 27.924000000000003, "clock_progress_age_wall": 0.0}[0m
[manipulation_node-7] [0m[INFO] [1789312210.588365688] [manipulation_node]: HEALTH {"component": "manipulation", "boot": "8ac49ea4cf99464989b284deccadba21", "ready": true, "reason": "controllers_kinematics_joints_scene_ready", "active": "IDLE:IDLE", "sim_time": 29.166, "clock_progress_age_wall": 0.0}[0m
[task_manager-9] [0m[INFO] [1789312212.140545730] [task_manager]: HEALTH {"component": "task", "boot": "532c318b82d44537a99b7482727aa170", "ready": true, "reason": "ready", "active": "FAILED", "sim_time": 29.726000000000003, "clock_progress_age_wall": 0.0}[0m
[task_manager-9] [0m[INFO] [1789312212.393134582] [task_manager]: FAILED:MISSION:manipulation:FAILED:TUCK_ARMS:torso:CONTROLLER_RESULT:6:-4:Aborted due to path tolerance violation[0m
[perception_node-6] [0m[INFO] [1789312212.659254382] [perception_node]: HEALTH {"component": "perception", "boot": "fad6caa1d2f241ddb5a0dba012fab9cf", "ready": true, "reason": "RGBD_READY; BOOK:NO_SEGMENTED_DEPTH_CANDIDATE", "active": "BOOK:BOOK:NO_SEGMENTED_DEPTH_CANDIDATE", "sim_time": 29.926000000000002, "clock_progress_age_wall": 0.0}[0m
[navigation_node-8] [0m[INFO] [1789312213.334273986] [navigation_node]: HEALTH {"component": "navigation", "boot": "9d3f8ddfde8a4a91a3ee1e598f503937", "ready": true, "reason": "odom_joints_lasers_ready", "active": "IDLE", "sim_time": 30.174000000000003, "clock_progress_age_wall": 0.0}[0m
[manipulation_node-7] [0m[INFO] [1789312216.336777694] [manipulation_node]: HEALTH {"component": "manipulation", "boot": "8ac49ea4cf99464989b284deccadba21", "ready": true, "reason": "controllers_kinematics_joints_scene_ready", "active": "IDLE:IDLE", "sim_time": 31.288, "clock_progress_age_wall": 0.0}[0m
[task_manager-9] [0m[INFO] [1789312217.492923946] [task_manager]: FAILED:MISSION:manipulation:FAILED:TUCK_ARMS:torso:CONTROLLER_RESULT:6:-4:Aborted due to path tolerance violation[0m
[task_manager-9] [0m[INFO] [1789312217.890312750] [task_manager]: HEALTH {"component": "task", "boot": "532c318b82d44537a99b7482727aa170", "ready": true, "reason": "ready", "active": "FAILED", "sim_time": 31.844, "clock_progress_age_wall": 0.0}[0m
[perception_node-6] [0m[INFO] [1789312218.658787976] [perception_node]: HEALTH {"component": "perception", "boot": "fad6caa1d2f241ddb5a0dba012fab9cf", "ready": true, "reason": "RGBD_READY; BOOK:NO_SEGMENTED_DEPTH_CANDIDATE", "active": "BOOK:BOOK:NO_SEGMENTED_DEPTH_CANDIDATE", "sim_time": 32.120000000000005, "clock_progress_age_wall": 0.0}[0m
[navigation_node-8] [0m[INFO] [1789312218.836082898] [navigation_node]: HEALTH {"component": "navigation", "boot": "9d3f8ddfde8a4a91a3ee1e598f503937", "ready": true, "reason": "odom_joints_lasers_ready", "active": "IDLE", "sim_time": 32.188, "clock_progress_age_wall": 0.0}[0m
[manipulation_node-7] [0m[INFO] [1789312221.838057953] [manipulation_node]: HEALTH {"component": "manipulation", "boot": "8ac49ea4cf99464989b284deccadba21", "ready": true, "reason": "controllers_kinematics_joints_scene_ready", "active": "IDLE:IDLE", "sim_time": 33.334, "clock_progress_age_wall": 0.0}[0m
[task_manager-9] [0m[INFO] [1789312222.592820990] [task_manager]: FAILED:MISSION:manipulation:FAILED:TUCK_ARMS:torso:CONTROLLER_RESULT:6:-4:Aborted due to path tolerance violation[0m
[task_manager-9] [0m[INFO] [1789312222.890650844] [task_manager]: HEALTH {"component": "task", "boot": "532c318b82d44537a99b7482727aa170", "ready": true, "reason": "ready", "active": "FAILED", "sim_time": 33.736000000000004, "clock_progress_age_wall": 0.0}[0m
[perception_node-6] [0m[INFO] [1789312224.158389484] [perception_node]: HEALTH {"component": "perception", "boot": "fad6caa1d2f241ddb5a0dba012fab9cf", "ready": true, "reason": "RGBD_READY; BOOK:NO_SEGMENTED_DEPTH_CANDIDATE", "active": "BOOK:BOOK:NO_SEGMENTED_DEPTH_CANDIDATE", "sim_time": 34.212, "clock_progress_age_wall": 0.0}[0m
[navigation_node-8] [0m[INFO] [1789312224.584465436] [navigation_node]: HEALTH {"component": "navigation", "boot": "9d3f8ddfde8a4a91a3ee1e598f503937", "ready": true, "reason": "odom_joints_lasers_ready", "active": "IDLE", "sim_time": 34.362, "clock_progress_age_wall": 0.0}[0m
[manipulation_node-7] [0m[INFO] [1789312227.587854454] [manipulation_node]: HEALTH {"component": "manipulation", "boot": "8ac49ea4cf99464989b284deccadba21", "ready": true, "reason": "controllers_kinematics_joints_scene_ready", "active": "IDLE:IDLE", "sim_time": 35.546, "clock_progress_age_wall": 0.0}[0m
[task_manager-9] [0m[INFO] [1789312227.692053150] [task_manager]: FAILED:MISSION:manipulation:FAILED:TUCK_ARMS:torso:CONTROLLER_RESULT:6:-4:Aborted due to path tolerance violation[0m
[task_manager-9] [0m[INFO] [1789312229.139900431] [task_manager]: HEALTH {"component": "task", "boot": "532c318b82d44537a99b7482727aa170", "ready": true, "reason": "ready", "active": "FAILED", "sim_time": 36.154, "clock_progress_age_wall": 0.0}[0m
[perception_node-6] [0m[INFO] [1789312229.658962560] [perception_node]: HEALTH {"component": "perception", "boot": "fad6caa1d2f241ddb5a0dba012fab9cf", "ready": true, "reason": "RGBD_READY; BOOK:NO_SEGMENTED_DEPTH_CANDIDATE", "active": "BOOK:BOOK:NO_SEGMENTED_DEPTH_CANDIDATE", "sim_time": 36.358000000000004, "clock_progress_age_wall": 0.0}[0m
[navigation_node-8] [0m[INFO] [1789312230.083531524] [navigation_node]: HEALTH {"component": "navigation", "boot": "9d3f8ddfde8a4a91a3ee1e598f503937", "ready": true, "reason": "odom_joints_lasers_ready", "active": "IDLE", "sim_time": 36.534, "clock_progress_age_wall": 0.0}[0m
[task_manager-9] [0m[INFO] [1789312232.792226533] [task_manager]: FAILED:MISSION:manipulation:FAILED:TUCK_ARMS:torso:CONTROLLER_RESULT:6:-4:Aborted due to path tolerance violation[0m
[manipulation_node-7] [0m[INFO] [1789312233.337370854] [manipulation_node]: HEALTH {"component": "manipulation", "boot": "8ac49ea4cf99464989b284deccadba21", "ready": true, "reason": "controllers_kinematics_joints_scene_ready", "active": "IDLE:IDLE", "sim_time": 37.874, "clock_progress_age_wall": 0.0}[0m
[task_manager-9] [0m[INFO] [1789312234.889598161] [task_manager]: HEALTH {"component": "task", "boot": "532c318b82d44537a99b7482727aa170", "ready": true, "reason": "ready", "active": "FAILED", "sim_time": 38.522000000000006, "clock_progress_age_wall": 0.0}[0m
[perception_node-6] [0m[INFO] [1789312235.657800462] [perception_node]: HEALTH {"component": "perception", "boot": "fad6caa1d2f241ddb5a0dba012fab9cf", "ready": true, "reason": "RGBD_READY; BOOK:NO_SEGMENTED_DEPTH_CANDIDATE", "active": "BOOK:BOOK:NO_SEGMENTED_DEPTH_CANDIDATE", "sim_time": 38.824000000000005, "clock_progress_age_wall": 0.0}[0m
[navigation_node-8] [0m[INFO] [1789312235.833255926] [navigation_node]: HEALTH {"component": "navigation", "boot": "9d3f8ddfde8a4a91a3ee1e598f503937", "ready": true, "reason": "odom_joints_lasers_ready", "active": "IDLE", "sim_time": 38.898, "clock_progress_age_wall": 0.0}[0m
[task_manager-9] [0m[INFO] [1789312237.891893545] [task_manager]: FAILED:MISSION:manipulation:FAILED:TUCK_ARMS:torso:CONTROLLER_RESULT:6:-4:Aborted due to path tolerance violation[0m
[manipulation_node-7] [0m[INFO] [1789312239.336866829] [manipulation_node]: HEALTH {"component": "manipulation", "boot": "8ac49ea4cf99464989b284deccadba21", "ready": true, "reason": "controllers_kinematics_joints_scene_ready", "active": "IDLE:IDLE", "sim_time": 40.352000000000004, "clock_progress_age_wall": 0.0}[0m
[task_manager-9] [0m[INFO] [1789312240.639295899] [task_manager]: HEALTH {"component": "task", "boot": "532c318b82d44537a99b7482727aa170", "ready": true, "reason": "ready", "active": "FAILED", "sim_time": 40.892, "clock_progress_age_wall": 0.0}[0m
[navigation_node-8] [0m[INFO] [1789312241.332899885] [navigation_node]: HEALTH {"component": "navigation", "boot": "9d3f8ddfde8a4a91a3ee1e598f503937", "ready": true, "reason": "odom_joints_lasers_ready", "active": "IDLE", "sim_time": 41.184000000000005, "clock_progress_age_wall": 0.0}[0m
[perception_node-6] [0m[INFO] [1789312241.407934009] [perception_node]: HEALTH {"component": "perception", "boot": "fad6caa1d2f241ddb5a0dba012fab9cf", "ready": true, "reason": "RGBD_READY; BOOK:NO_SEGMENTED_DEPTH_CANDIDATE", "active": "BOOK:BOOK:NO_SEGMENTED_DEPTH_CANDIDATE", "sim_time": 41.212, "clock_progress_age_wall": 0.0}[0m
[task_manager-9] [0m[INFO] [1789312242.992017274] [task_manager]: FAILED:MISSION:manipulation:FAILED:TUCK_ARMS:torso:CONTROLLER_RESULT:6:-4:Aborted due to path tolerance violation[0m
[manipulation_node-7] [0m[INFO] [1789312245.086846478] [manipulation_node]: HEALTH {"component": "manipulation", "boot": "8ac49ea4cf99464989b284deccadba21", "ready": true, "reason": "controllers_kinematics_joints_scene_ready", "active": "IDLE:IDLE", "sim_time": 42.544000000000004, "clock_progress_age_wall": 0.0}[0m
[task_manager-9] [0m[INFO] [1789312246.639075208] [task_manager]: HEALTH {"component": "task", "boot": "532c318b82d44537a99b7482727aa170", "ready": true, "reason": "ready", "active": "FAILED", "sim_time": 43.104, "clock_progress_age_wall": 0.0}[0m
[navigation_node-8] [0m[INFO] [1789312247.083550091] [navigation_node]: HEALTH {"component": "navigation", "boot": "9d3f8ddfde8a4a91a3ee1e598f503937", "ready": true, "reason": "odom_joints_lasers_ready", "active": "IDLE", "sim_time": 43.27, "clock_progress_age_wall": 0.0}[0m
[perception_node-6] [0m[INFO] [1789312247.158037768] [perception_node]: HEALTH {"component": "perception", "boot": "fad6caa1d2f241ddb5a0dba012fab9cf", "ready": true, "reason": "RGBD_READY; waiting for acquisition-time TF", "active": "BOOK:waiting for acquisition-time TF", "sim_time": 43.298, "clock_progress_age_wall": 0.0}[0m
[task_manager-9] [0m[INFO] [1789312248.091278649] [task_manager]: FAILED:MISSION:manipulation:FAILED:TUCK_ARMS:torso:CONTROLLER_RESULT:6:-4:Aborted due to path tolerance violation[0m
[manipulation_node-7] [0m[INFO] [1789312250.587215137] [manipulation_node]: HEALTH {"component": "manipulation", "boot": "8ac49ea4cf99464989b284deccadba21", "ready": true, "reason": "controllers_kinematics_joints_scene_ready", "active": "IDLE:IDLE", "sim_time": 44.562000000000005, "clock_progress_age_wall": 0.0}[0m
[task_manager-9] [0m[INFO] [1789312252.138810901] [task_manager]: HEALTH {"component": "task", "boot": "532c318b82d44537a99b7482727aa170", "ready": true, "reason": "ready", "active": "FAILED", "sim_time": 45.13, "clock_progress_age_wall": 0.0}[0m
[navigation_node-8] [0m[INFO] [1789312252.832462033] [navigation_node]: HEALTH {"component": "navigation", "boot": "9d3f8ddfde8a4a91a3ee1e598f503937", "ready": true, "reason": "odom_joints_lasers_ready", "active": "IDLE", "sim_time": 45.400000000000006, "clock_progress_age_wall": 0.0}[0m
[perception_node-6] [0m[INFO] [1789312252.908545977] [perception_node]: HEALTH {"component": "perception", "boot": "fad6caa1d2f241ddb5a0dba012fab9cf", "ready": true, "reason": "RGBD_READY; BOOK:NO_SEGMENTED_DEPTH_CANDIDATE", "active": "BOOK:BOOK:NO_SEGMENTED_DEPTH_CANDIDATE", "sim_time": 45.426, "clock_progress_age_wall": 0.0}[0m
[task_manager-9] [0m[INFO] [1789312253.191064977] [task_manager]: FAILED:MISSION:manipulation:FAILED:TUCK_ARMS:torso:CONTROLLER_RESULT:6:-4:Aborted due to path tolerance violation[0m
[manipulation_node-7] [0m[INFO] [1789312256.586647842] [manipulation_node]: HEALTH {"component": "manipulation", "boot": "8ac49ea4cf99464989b284deccadba21", "ready": true, "reason": "controllers_kinematics_joints_scene_ready", "active": "IDLE:IDLE", "sim_time": 46.752, "clock_progress_age_wall": 0.0}[0m
[task_manager-9] [0m[INFO] [1789312257.888462619] [task_manager]: HEALTH {"component": "task", "boot": "532c318b82d44537a99b7482727aa170", "ready": true, "reason": "ready", "active": "FAILED", "sim_time": 47.232000000000006, "clock_progress_age_wall": 0.0}[0m
[task_manager-9] [0m[INFO] [1789312258.291122458] [task_manager]: FAILED:MISSION:manipulation:FAILED:TUCK_ARMS:torso:CONTROLLER_RESULT:6:-4:Aborted due to path tolerance violation[0m
[navigation_node-8] [0m[INFO] [1789312258.332042073] [navigation_node]: HEALTH {"component": "navigation", "boot": "9d3f8ddfde8a4a91a3ee1e598f503937", "ready": true, "reason": "odom_joints_lasers_ready", "active": "IDLE", "sim_time": 47.404, "clock_progress_age_wall": 0.0}[0m
[perception_node-6] [0m[INFO] [1789312258.657272320] [perception_node]: HEALTH {"component": "perception", "boot": "fad6caa1d2f241ddb5a0dba012fab9cf", "ready": true, "reason": "RGBD_READY; BOOK:NO_SEGMENTED_DEPTH_CANDIDATE", "active": "BOOK:BOOK:NO_SEGMENTED_DEPTH_CANDIDATE", "sim_time": 47.526, "clock_progress_age_wall": 0.0}[0m
[manipulation_node-7] [0m[INFO] [1789312262.587584151] [manipulation_node]: HEALTH {"component": "manipulation", "boot": "8ac49ea4cf99464989b284deccadba21", "ready": true, "reason": "controllers_kinematics_joints_scene_ready", "active": "IDLE:IDLE", "sim_time": 48.976000000000006, "clock_progress_age_wall": 0.0}[0m
[task_manager-9] [0m[INFO] [1789312263.291569657] [task_manager]: FAILED:MISSION:manipulation:FAILED:TUCK_ARMS:torso:CONTROLLER_RESULT:6:-4:Aborted due to path tolerance violation[0m
[task_manager-9] [0m[INFO] [1789312263.638355009] [task_manager]: HEALTH {"component": "task", "boot": "532c318b82d44537a99b7482727aa170", "ready": true, "reason": "ready", "active": "FAILED", "sim_time": 49.36000000000001, "clock_progress_age_wall": 0.0}[0m
[navigation_node-8] [0m[INFO] [1789312264.082052595] [navigation_node]: HEALTH {"component": "navigation", "boot": "9d3f8ddfde8a4a91a3ee1e598f503937", "ready": true, "reason": "odom_joints_lasers_ready", "active": "IDLE", "sim_time": 49.516000000000005, "clock_progress_age_wall": 0.0}[0m
[perception_node-6] [0m[INFO] [1789312264.657237616] [perception_node]: HEALTH {"component": "perception", "boot": "fad6caa1d2f241ddb5a0dba012fab9cf", "ready": true, "reason": "RGBD_READY; BOOK:NO_SEGMENTED_DEPTH_CANDIDATE", "active": "BOOK:BOOK:NO_SEGMENTED_DEPTH_CANDIDATE", "sim_time": 49.726000000000006, "clock_progress_age_wall": 0.0}[0m
[manipulation_node-7] [0m[INFO] [1789312268.337136587] [manipulation_node]: HEALTH {"component": "manipulation", "boot": "8ac49ea4cf99464989b284deccadba21", "ready": true, "reason": "controllers_kinematics_joints_scene_ready", "active": "IDLE:IDLE", "sim_time": 51.096000000000004, "clock_progress_age_wall": 0.0}[0m
[task_manager-9] [0m[INFO] [1789312268.390779922] [task_manager]: FAILED:MISSION:manipulation:FAILED:TUCK_ARMS:torso:CONTROLLER_RESULT:6:-4:Aborted due to path tolerance violation[0m
[task_manager-9] [0m[INFO] [1789312269.138215721] [task_manager]: HEALTH {"component": "task", "boot": "532c318b82d44537a99b7482727aa170", "ready": true, "reason": "ready", "active": "FAILED", "sim_time": 51.404, "clock_progress_age_wall": 0.0}[0m
[navigation_node-8] [0m[INFO] [1789312270.081950665] [navigation_node]: HEALTH {"component": "navigation", "boot": "9d3f8ddfde8a4a91a3ee1e598f503937", "ready": true, "reason": "odom_joints_lasers_ready", "active": "IDLE", "sim_time": 51.760000000000005, "clock_progress_age_wall": 0.0}[0m
[perception_node-6] [0m[INFO] [1789312270.656888676] [perception_node]: HEALTH {"component": "perception", "boot": "fad6caa1d2f241ddb5a0dba012fab9cf", "ready": true, "reason": "RGBD_READY; BOOK:NO_SEGMENTED_DEPTH_CANDIDATE", "active": "BOOK:BOOK:NO_SEGMENTED_DEPTH_CANDIDATE", "sim_time": 51.978, "clock_progress_age_wall": 0.0}[0m
[task_manager-9] [0m[INFO] [1789312273.490531864] [task_manager]: FAILED:MISSION:manipulation:FAILED:TUCK_ARMS:torso:CONTROLLER_RESULT:6:-4:Aborted due to path tolerance violation[0m
[manipulation_node-7] [0m[INFO] [1789312274.584840700] [manipulation_node]: HEALTH {"component": "manipulation", "boot": "8ac49ea4cf99464989b284deccadba21", "ready": true, "reason": "controllers_kinematics_joints_scene_ready", "active": "IDLE:IDLE", "sim_time": 53.42400000000001, "clock_progress_age_wall": 0.0}[0m
[task_manager-9] [0m[INFO] [1789312275.137975147] [task_manager]: HEALTH {"component": "task", "boot": "532c318b82d44537a99b7482727aa170", "ready": true, "reason": "ready", "active": "FAILED", "sim_time": 53.628, "clock_progress_age_wall": 0.0}[0m
[navigation_node-8] [0m[INFO] [1789312276.331513039] [navigation_node]: HEALTH {"component": "navigation", "boot": "9d3f8ddfde8a4a91a3ee1e598f503937", "ready": true, "reason": "odom_joints_lasers_ready", "active": "IDLE", "sim_time": 54.082, "clock_progress_age_wall": 0.0}[0m
[perception_node-6] [0m[INFO] [1789312276.656494748] [perception_node]: HEALTH {"component": "perception", "boot": "fad6caa1d2f241ddb5a0dba012fab9cf", "ready": true, "reason": "RGBD_READY; waiting for acquisition-time TF", "active": "BOOK:waiting for acquisition-time TF", "sim_time": 54.2, "clock_progress_age_wall": 0.0}[0m
[task_manager-9] [0m[INFO] [1789312278.590696693] [task_manager]: FAILED:MISSION:manipulation:FAILED:TUCK_ARMS:torso:CONTROLLER_RESULT:6:-4:Aborted due to path tolerance violation[0m
[manipulation_node-7] [0m[INFO] [1789312280.336914878] [manipulation_node]: HEALTH {"component": "manipulation", "boot": "8ac49ea4cf99464989b284deccadba21", "ready": true, "reason": "controllers_kinematics_joints_scene_ready", "active": "IDLE:IDLE", "sim_time": 55.572, "clock_progress_age_wall": 0.0}[0m
[task_manager-9] [0m[INFO] [1789312280.637722587] [task_manager]: HEALTH {"component": "task", "boot": "532c318b82d44537a99b7482727aa170", "ready": true, "reason": "ready", "active": "FAILED", "sim_time": 55.686, "clock_progress_age_wall": 0.0}[0m
[navigation_node-8] [0m[INFO] [1789312282.332011018] [navigation_node]: HEALTH {"component": "navigation", "boot": "9d3f8ddfde8a4a91a3ee1e598f503937", "ready": true, "reason": "odom_joints_lasers_ready", "active": "IDLE", "sim_time": 56.306000000000004, "clock_progress_age_wall": 0.0}[0m
[perception_node-6] [0m[INFO] [1789312282.406457708] [perception_node]: HEALTH {"component": "perception", "boot": "fad6caa1d2f241ddb5a0dba012fab9cf", "ready": true, "reason": "RGBD_READY; waiting for acquisition-time TF", "active": "BOOK:waiting for acquisition-time TF", "sim_time": 56.332, "clock_progress_age_wall": 0.0}[0m
[task_manager-9] [0m[INFO] [1789312283.689978186] [task_manager]: FAILED:MISSION:manipulation:FAILED:TUCK_ARMS:torso:CONTROLLER_RESULT:6:-4:Aborted due to path tolerance violation[0m
[manipulation_node-7] [0m[INFO] [1789312286.086304973] [manipulation_node]: HEALTH {"component": "manipulation", "boot": "8ac49ea4cf99464989b284deccadba21", "ready": true, "reason": "controllers_kinematics_joints_scene_ready", "active": "IDLE:IDLE", "sim_time": 57.696000000000005, "clock_progress_age_wall": 0.0}[0m
[task_manager-9] [0m[INFO] [1789312286.387580326] [task_manager]: HEALTH {"component": "task", "boot": "532c318b82d44537a99b7482727aa170", "ready": true, "reason": "ready", "active": "FAILED", "sim_time": 57.806000000000004, "clock_progress_age_wall": 0.0}[0m
[navigation_node-8] [0m[INFO] [1789312288.081202173] [navigation_node]: HEALTH {"component": "navigation", "boot": "9d3f8ddfde8a4a91a3ee1e598f503937", "ready": true, "reason": "odom_joints_lasers_ready", "active": "IDLE", "sim_time": 58.43600000000001, "clock_progress_age_wall": 0.0}[0m
[perception_node-6] [0m[INFO] [1789312288.156288387] [perception_node]: HEALTH {"component": "perception", "boot": "fad6caa1d2f241ddb5a0dba012fab9cf", "ready": true, "reason": "RGBD_READY; BOOK:NO_SEGMENTED_DEPTH_CANDIDATE", "active": "BOOK:BOOK:NO_SEGMENTED_DEPTH_CANDIDATE", "sim_time": 58.466, "clock_progress_age_wall": 0.0}[0m
[task_manager-9] [0m[INFO] [1789312288.690139199] [task_manager]: FAILED:MISSION:manipulation:FAILED:TUCK_ARMS:torso:CONTROLLER_RESULT:6:-4:Aborted due to path tolerance violation[0m
[manipulation_node-7] [0m[INFO] [1789312291.834936153] [manipulation_node]: HEALTH {"component": "manipulation", "boot": "8ac49ea4cf99464989b284deccadba21", "ready": true, "reason": "controllers_kinematics_joints_scene_ready", "active": "IDLE:IDLE", "sim_time": 59.832, "clock_progress_age_wall": 0.0}[0m
[task_manager-9] [0m[INFO] [1789312292.387495489] [task_manager]: HEALTH {"component": "task", "boot": "532c318b82d44537a99b7482727aa170", "ready": true, "reason": "ready", "active": "FAILED", "sim_time": 60.044000000000004, "clock_progress_age_wall": 0.0}[0m
[task_manager-9] [0m[INFO] [1789312293.790010448] [task_manager]: FAILED:MISSION:manipulation:FAILED:TUCK_ARMS:torso:CONTROLLER_RESULT:6:-4:Aborted due to path tolerance violation[0m
[navigation_node-8] [0m[INFO] [1789312294.081338449] [navigation_node]: HEALTH {"component": "navigation", "boot": "9d3f8ddfde8a4a91a3ee1e598f503937", "ready": true, "reason": "odom_joints_lasers_ready", "active": "IDLE", "sim_time": 60.672000000000004, "clock_progress_age_wall": 0.0}[0m
[perception_node-6] [0m[INFO] [1789312294.155569414] [perception_node]: HEALTH {"component": "perception", "boot": "fad6caa1d2f241ddb5a0dba012fab9cf", "ready": true, "reason": "RGBD_READY; BOOK:NO_SEGMENTED_DEPTH_CANDIDATE", "active": "BOOK:BOOK:NO_SEGMENTED_DEPTH_CANDIDATE", "sim_time": 60.698, "clock_progress_age_wall": 0.0}[0m
[manipulation_node-7] [0m[INFO] [1789312297.584224567] [manipulation_node]: HEALTH {"component": "manipulation", "boot": "8ac49ea4cf99464989b284deccadba21", "ready": true, "reason": "controllers_kinematics_joints_scene_ready", "active": "IDLE:IDLE", "sim_time": 61.976000000000006, "clock_progress_age_wall": 0.0}[0m
[task_manager-9] [0m[INFO] [1789312298.137149574] [task_manager]: HEALTH {"component": "task", "boot": "532c318b82d44537a99b7482727aa170", "ready": true, "reason": "ready", "active": "FAILED", "sim_time": 62.18000000000001, "clock_progress_age_wall": 0.0}[0m
[task_manager-9] [0m[INFO] [1789312298.889446102] [task_manager]: FAILED:MISSION:manipulation:FAILED:TUCK_ARMS:torso:CONTROLLER_RESULT:6:-4:Aborted due to path tolerance violation[0m
[perception_node-6] [0m[INFO] [1789312299.905388859] [perception_node]: HEALTH {"component": "perception", "boot": "fad6caa1d2f241ddb5a0dba012fab9cf", "ready": true, "reason": "RGBD_READY; BOOK:NO_SEGMENTED_DEPTH_CANDIDATE", "active": "BOOK:BOOK:NO_SEGMENTED_DEPTH_CANDIDATE", "sim_time": 62.838, "clock_progress_age_wall": 0.0}[0m
[navigation_node-8] [0m[INFO] [1789312300.080994275] [navigation_node]: HEALTH {"component": "navigation", "boot": "9d3f8ddfde8a4a91a3ee1e598f503937", "ready": true, "reason": "odom_joints_lasers_ready", "active": "IDLE", "sim_time": 62.904, "clock_progress_age_wall": 0.0}[0m
[manipulation_node-7] [0m[INFO] [1789312303.083734719] [manipulation_node]: HEALTH {"component": "manipulation", "boot": "8ac49ea4cf99464989b284deccadba21", "ready": true, "reason": "controllers_kinematics_joints_scene_ready", "active": "IDLE:IDLE", "sim_time": 64.028, "clock_progress_age_wall": 0.0}[0m
[task_manager-9] [0m[INFO] [1789312303.989077423] [task_manager]: FAILED:MISSION:manipulation:FAILED:TUCK_ARMS:torso:CONTROLLER_RESULT:6:-4:Aborted due to path tolerance violation[0m
[task_manager-9] [0m[INFO] [1789312304.387306687] [task_manager]: HEALTH {"component": "task", "boot": "532c318b82d44537a99b7482727aa170", "ready": true, "reason": "ready", "active": "FAILED", "sim_time": 64.512, "clock_progress_age_wall": 0.0}[0m
[perception_node-6] [0m[INFO] [1789312305.655361129] [perception_node]: HEALTH {"component": "perception", "boot": "fad6caa1d2f241ddb5a0dba012fab9cf", "ready": true, "reason": "RGBD_READY; BOOK:NO_SEGMENTED_DEPTH_CANDIDATE", "active": "BOOK:BOOK:NO_SEGMENTED_DEPTH_CANDIDATE", "sim_time": 64.98, "clock_progress_age_wall": 0.0}[0m
[navigation_node-8] [0m[INFO] [1789312306.080585923] [navigation_node]: HEALTH {"component": "navigation", "boot": "9d3f8ddfde8a4a91a3ee1e598f503937", "ready": true, "reason": "odom_joints_lasers_ready", "active": "IDLE", "sim_time": 65.146, "clock_progress_age_wall": 0.0}[0m
[manipulation_node-7] [0m[INFO] [1789312308.835320415] [manipulation_node]: HEALTH {"component": "manipulation", "boot": "8ac49ea4cf99464989b284deccadba21", "ready": true, "reason": "controllers_kinematics_joints_scene_ready", "active": "IDLE:IDLE", "sim_time": 66.116, "clock_progress_age_wall": 0.0}[0m
[task_manager-9] [0m[INFO] [1789312308.989659336] [task_manager]: FAILED:MISSION:manipulation:FAILED:TUCK_ARMS:torso:CONTROLLER_RESULT:6:-4:Aborted due to path tolerance violation[0m
[task_manager-9] [0m[INFO] [1789312310.386684081] [task_manager]: HEALTH {"component": "task", "boot": "532c318b82d44537a99b7482727aa170", "ready": true, "reason": "ready", "active": "FAILED", "sim_time": 66.684, "clock_progress_age_wall": 0.0}[0m
[perception_node-6] [0m[INFO] [1789312311.655147434] [perception_node]: HEALTH {"component": "perception", "boot": "fad6caa1d2f241ddb5a0dba012fab9cf", "ready": true, "reason": "RGBD_READY; BOOK:NO_SEGMENTED_DEPTH_CANDIDATE", "active": "BOOK:BOOK:NO_SEGMENTED_DEPTH_CANDIDATE", "sim_time": 67.17200000000001, "clock_progress_age_wall": 0.0}[0m
[navigation_node-8] [0m[INFO] [1789312311.829830710] [navigation_node]: HEALTH {"component": "navigation", "boot": "9d3f8ddfde8a4a91a3ee1e598f503937", "ready": true, "reason": "odom_joints_lasers_ready", "active": "IDLE", "sim_time": 67.242, "clock_progress_age_wall": 0.0}[0m
[task_manager-9] [0m[INFO] [1789312314.088635341] [task_manager]: FAILED:MISSION:manipulation:FAILED:TUCK_ARMS:torso:CONTROLLER_RESULT:6:-4:Aborted due to path tolerance violation[0m
[manipulation_node-7] [0m[INFO] [1789312314.586278664] [manipulation_node]: HEALTH {"component": "manipulation", "boot": "8ac49ea4cf99464989b284deccadba21", "ready": true, "reason": "controllers_kinematics_joints_scene_ready", "active": "IDLE:IDLE", "sim_time": 68.248, "clock_progress_age_wall": 0.0}[0m
[task_manager-9] [0m[INFO] [1789312316.386726740] [task_manager]: HEALTH {"component": "task", "boot": "532c318b82d44537a99b7482727aa170", "ready": true, "reason": "ready", "active": "FAILED", "sim_time": 68.918, "clock_progress_age_wall": 0.0}[0m
[perception_node-6] [0m[INFO] [1789312317.655192992] [perception_node]: HEALTH {"component": "perception", "boot": "fad6caa1d2f241ddb5a0dba012fab9cf", "ready": true, "reason": "RGBD_READY; BOOK:NO_SEGMENTED_DEPTH_CANDIDATE", "active": "BOOK:BOOK:NO_SEGMENTED_DEPTH_CANDIDATE", "sim_time": 69.378, "clock_progress_age_wall": 0.0}[0m
[navigation_node-8] [0m[INFO] [1789312317.830159535] [navigation_node]: HEALTH {"component": "navigation", "boot": "9d3f8ddfde8a4a91a3ee1e598f503937", "ready": true, "reason": "odom_joints_lasers_ready", "active": "IDLE", "sim_time": 69.44800000000001, "clock_progress_age_wall": 0.0}[0m
[task_manager-9] [0m[INFO] [1789312319.089736582] [task_manager]: FAILED:MISSION:manipulation:FAILED:TUCK_ARMS:torso:CONTROLLER_RESULT:6:-4:Aborted due to path tolerance violation[0m
[manipulation_node-7] [0m[INFO] [1789312320.334130797] [manipulation_node]: HEALTH {"component": "manipulation", "boot": "8ac49ea4cf99464989b284deccadba21", "ready": true, "reason": "controllers_kinematics_joints_scene_ready", "active": "IDLE:IDLE", "sim_time": 70.38600000000001, "clock_progress_age_wall": 0.0}[0m
[task_manager-9] [0m[INFO] [1789312322.136312613] [task_manager]: HEALTH {"component": "task", "boot": "532c318b82d44537a99b7482727aa170", "ready": true, "reason": "ready", "active": "FAILED", "sim_time": 71.068, "clock_progress_age_wall": 0.0}[0m
[perception_node-6] [0m[INFO] [1789312323.155018602] [perception_node]: HEALTH {"component": "perception", "boot": "fad6caa1d2f241ddb5a0dba012fab9cf", "ready": true, "reason": "RGBD_READY; BOOK:NO_SEGMENTED_DEPTH_CANDIDATE", "active": "BOOK:BOOK:NO_SEGMENTED_DEPTH_CANDIDATE", "sim_time": 71.456, "clock_progress_age_wall": 0.0}[0m
[navigation_node-8] [0m[INFO] [1789312323.579868392] [navigation_node]: HEALTH {"component": "navigation", "boot": "9d3f8ddfde8a4a91a3ee1e598f503937", "ready": true, "reason": "odom_joints_lasers_ready", "active": "IDLE", "sim_time": 71.61800000000001, "clock_progress_age_wall": 0.0}[0m
[task_manager-9] [0m[INFO] [1789312324.188600045] [task_manager]: FAILED:MISSION:manipulation:FAILED:TUCK_ARMS:torso:CONTROLLER_RESULT:6:-4:Aborted due to path tolerance violation[0m
[manipulation_node-7] [0m[INFO] [1789312326.084385938] [manipulation_node]: HEALTH {"component": "manipulation", "boot": "8ac49ea4cf99464989b284deccadba21", "ready": true, "reason": "controllers_kinematics_joints_scene_ready", "active": "IDLE:IDLE", "sim_time": 72.53800000000001, "clock_progress_age_wall": 0.0}[0m
[task_manager-9] [0m[INFO] [1789312328.136418618] [task_manager]: HEALTH {"component": "task", "boot": "532c318b82d44537a99b7482727aa170", "ready": true, "reason": "ready", "active": "FAILED", "sim_time": 73.316, "clock_progress_age_wall": 0.0}[0m
[perception_node-6] [0m[INFO] [1789312329.154911756] [perception_node]: HEALTH {"component": "perception", "boot": "fad6caa1d2f241ddb5a0dba012fab9cf", "ready": true, "reason": "RGBD_READY; BOOK:NO_SEGMENTED_DEPTH_CANDIDATE", "active": "BOOK:BOOK:NO_SEGMENTED_DEPTH_CANDIDATE", "sim_time": 73.69200000000001, "clock_progress_age_wall": 0.0}[0m
[task_manager-9] [0m[INFO] [1789312329.188576498] [task_manager]: FAILED:MISSION:manipulation:FAILED:TUCK_ARMS:torso:CONTROLLER_RESULT:6:-4:Aborted due to path tolerance violation[0m
[navigation_node-8] [0m[INFO] [1789312329.579402911] [navigation_node]: HEALTH {"component": "navigation", "boot": "9d3f8ddfde8a4a91a3ee1e598f503937", "ready": true, "reason": "odom_joints_lasers_ready", "active": "IDLE", "sim_time": 73.858, "clock_progress_age_wall": 0.0}[0m
[manipulation_node-7] [0m[INFO] [1789312332.083453672] [manipulation_node]: HEALTH {"component": "manipulation", "boot": "8ac49ea4cf99464989b284deccadba21", "ready": true, "reason": "controllers_kinematics_joints_scene_ready", "active": "IDLE:IDLE", "sim_time": 74.784, "clock_progress_age_wall": 0.0}[0m
[task_manager-9] [0m[INFO] [1789312333.885966784] [task_manager]: HEALTH {"component": "task", "boot": "532c318b82d44537a99b7482727aa170", "ready": true, "reason": "ready", "active": "FAILED", "sim_time": 75.456, "clock_progress_age_wall": 0.0}[0m
[task_manager-9] [0m[INFO] [1789312334.288136082] [task_manager]: FAILED:MISSION:manipulation:FAILED:TUCK_ARMS:torso:CONTROLLER_RESULT:6:-4:Aborted due to path tolerance violation[0m
[perception_node-6] [0m[INFO] [1789312334.904260033] [perception_node]: HEALTH {"component": "perception", "boot": "fad6caa1d2f241ddb5a0dba012fab9cf", "ready": true, "reason": "RGBD_READY; BOOK:NO_SEGMENTED_DEPTH_CANDIDATE", "active": "BOOK:BOOK:NO_SEGMENTED_DEPTH_CANDIDATE", "sim_time": 75.822, "clock_progress_age_wall": 0.0}[0m
[navigation_node-8] [0m[INFO] [1789312335.579863605] [navigation_node]: HEALTH {"component": "navigation", "boot": "9d3f8ddfde8a4a91a3ee1e598f503937", "ready": true, "reason": "odom_joints_lasers_ready", "active": "IDLE", "sim_time": 76.066, "clock_progress_age_wall": 0.0}[0m
[manipulation_node-7] [0m[INFO] [1789312337.583279955] [manipulation_node]: HEALTH {"component": "manipulation", "boot": "8ac49ea4cf99464989b284deccadba21", "ready": true, "reason": "controllers_kinematics_joints_scene_ready", "active": "IDLE:IDLE", "sim_time": 76.798, "clock_progress_age_wall": 0.0}[0m
[task_manager-9] [0m[INFO] [1789312339.387895146] [task_manager]: FAILED:MISSION:manipulation:FAILED:TUCK_ARMS:torso:CONTROLLER_RESULT:6:-4:Aborted due to path tolerance violation[0m
[task_manager-9] [0m[INFO] [1789312339.885304262] [task_manager]: HEALTH {"component": "task", "boot": "532c318b82d44537a99b7482727aa170", "ready": true, "reason": "ready", "active": "FAILED", "sim_time": 77.662, "clock_progress_age_wall": 0.0}[0m
[perception_node-6] [0m[INFO] [1789312340.654685982] [perception_node]: HEALTH {"component": "perception", "boot": "fad6caa1d2f241ddb5a0dba012fab9cf", "ready": true, "reason": "RGBD_READY; BOOK:NO_SEGMENTED_DEPTH_CANDIDATE", "active": "BOOK:BOOK:NO_SEGMENTED_DEPTH_CANDIDATE", "sim_time": 77.94000000000001, "clock_progress_age_wall": 0.0}[0m
[navigation_node-8] [0m[INFO] [1789312341.579583262] [navigation_node]: HEALTH {"component": "navigation", "boot": "9d3f8ddfde8a4a91a3ee1e598f503937", "ready": true, "reason": "odom_joints_lasers_ready", "active": "IDLE", "sim_time": 78.284, "clock_progress_age_wall": 0.0}[0m
[manipulation_node-7] [0m[INFO] [1789312343.332608170] [manipulation_node]: HEALTH {"component": "manipulation", "boot": "8ac49ea4cf99464989b284deccadba21", "ready": true, "reason": "controllers_kinematics_joints_scene_ready", "active": "IDLE:IDLE", "sim_time": 78.92, "clock_progress_age_wall": 0.0}[0m
[task_manager-9] [0m[INFO] [1789312344.388266194] [task_manager]: FAILED:MISSION:manipulation:FAILED:TUCK_ARMS:torso:CONTROLLER_RESULT:6:-4:Aborted due to path tolerance violation[0m
[task_manager-9] [0m[INFO] [1789312345.885226145] [task_manager]: HEALTH {"component": "task", "boot": "532c318b82d44537a99b7482727aa170", "ready": true, "reason": "ready", "active": "FAILED", "sim_time": 79.86200000000001, "clock_progress_age_wall": 0.0}[0m
[perception_node-6] [0m[INFO] [1789312346.403411606] [perception_node]: HEALTH {"component": "perception", "boot": "fad6caa1d2f241ddb5a0dba012fab9cf", "ready": true, "reason": "RGBD_READY; BOOK:NO_SEGMENTED_DEPTH_CANDIDATE", "active": "BOOK:BOOK:NO_SEGMENTED_DEPTH_CANDIDATE", "sim_time": 80.052, "clock_progress_age_wall": 0.0}[0m
[navigation_node-8] [0m[INFO] [1789312347.079404548] [navigation_node]: HEALTH {"component": "navigation", "boot": "9d3f8ddfde8a4a91a3ee1e598f503937", "ready": true, "reason": "odom_joints_lasers_ready", "active": "IDLE", "sim_time": 80.302, "clock_progress_age_wall": 0.0}[0m
[manipulation_node-7] [0m[INFO] [1789312349.082310614] [manipulation_node]: HEALTH {"component": "manipulation", "boot": "8ac49ea4cf99464989b284deccadba21", "ready": true, "reason": "controllers_kinematics_joints_scene_ready", "active": "IDLE:IDLE", "sim_time": 81.048, "clock_progress_age_wall": 0.0}[0m
[task_manager-9] [0m[INFO] [1789312349.487585528] [task_manager]: FAILED:MISSION:manipulation:FAILED:TUCK_ARMS:torso:CONTROLLER_RESULT:6:-4:Aborted due to path tolerance violation[0m
[task_manager-9] [0m[INFO] [1789312351.885059319] [task_manager]: HEALTH {"component": "task", "boot": "532c318b82d44537a99b7482727aa170", "ready": true, "reason": "ready", "active": "FAILED", "sim_time": 82.08800000000001, "clock_progress_age_wall": 0.0}[0m
[perception_node-6] [0m[INFO] [1789312352.153459992] [perception_node]: HEALTH {"component": "perception", "boot": "fad6caa1d2f241ddb5a0dba012fab9cf", "ready": true, "reason": "RGBD_READY; BOOK:NO_SEGMENTED_DEPTH_CANDIDATE", "active": "BOOK:BOOK:NO_SEGMENTED_DEPTH_CANDIDATE", "sim_time": 82.19000000000001, "clock_progress_age_wall": 0.0}[0m
[navigation_node-8] [0m[INFO] [1789312353.078653478] [navigation_node]: HEALTH {"component": "navigation", "boot": "9d3f8ddfde8a4a91a3ee1e598f503937", "ready": true, "reason": "odom_joints_lasers_ready", "active": "IDLE", "sim_time": 82.528, "clock_progress_age_wall": 0.0}[0m
[task_manager-9] [0m[INFO] [1789312354.587406354] [task_manager]: FAILED:MISSION:manipulation:FAILED:TUCK_ARMS:torso:CONTROLLER_RESULT:6:-4:Aborted due to path tolerance violation[0m
[manipulation_node-7] [0m[INFO] [1789312355.082548014] [manipulation_node]: HEALTH {"component": "manipulation", "boot": "8ac49ea4cf99464989b284deccadba21", "ready": true, "reason": "controllers_kinematics_joints_scene_ready", "active": "IDLE:IDLE", "sim_time": 83.272, "clock_progress_age_wall": 0.0}[0m
[task_manager-9] [0m[INFO] [1789312357.884916843] [task_manager]: HEALTH {"component": "task", "boot": "532c318b82d44537a99b7482727aa170", "ready": true, "reason": "ready", "active": "FAILED", "sim_time": 84.32600000000001, "clock_progress_age_wall": 0.0}[0m
[perception_node-6] [0m[INFO] [1789312357.903638576] [perception_node]: HEALTH {"component": "perception", "boot": "fad6caa1d2f241ddb5a0dba012fab9cf", "ready": true, "reason": "RGBD_READY; BOOK:NO_SEGMENTED_DEPTH_CANDIDATE", "active": "BOOK:BOOK:NO_SEGMENTED_DEPTH_CANDIDATE", "sim_time": 84.334, "clock_progress_age_wall": 0.0}[0m
[navigation_node-8] [0m[INFO] [1789312358.828282916] [navigation_node]: HEALTH {"component": "navigation", "boot": "9d3f8ddfde8a4a91a3ee1e598f503937", "ready": true, "reason": "odom_joints_lasers_ready", "active": "IDLE", "sim_time": 84.674, "clock_progress_age_wall": 0.0}[0m
[task_manager-9] [0m[INFO] [1789312359.687143281] [task_manager]: FAILED:MISSION:manipulation:FAILED:TUCK_ARMS:torso:CONTROLLER_RESULT:6:-4:Aborted due to path tolerance violation[0m
[manipulation_node-7] [0m[INFO] [1789312361.081408898] [manipulation_node]: HEALTH {"component": "manipulation", "boot": "8ac49ea4cf99464989b284deccadba21", "ready": true, "reason": "controllers_kinematics_joints_scene_ready", "active": "IDLE:IDLE", "sim_time": 85.504, "clock_progress_age_wall": 0.0}[0m
[perception_node-6] [0m[INFO] [1789312362.903985576] [perception_node]: HEALTH {"component": "perception", "boot": "fad6caa1d2f241ddb5a0dba012fab9cf", "ready": true, "reason": "RGBD_READY; BOOK:NO_SEGMENTED_DEPTH_CANDIDATE", "active": "BOOK:BOOK:NO_SEGMENTED_DEPTH_CANDIDATE", "sim_time": 86.17, "clock_progress_age_wall": 0.0}[0m
[task_manager-9] [0m[INFO] [1789312363.884664973] [task_manager]: HEALTH {"component": "task", "boot": "532c318b82d44537a99b7482727aa170", "ready": true, "reason": "ready", "active": "FAILED", "sim_time": 86.534, "clock_progress_age_wall": 0.0}[0m
[navigation_node-8] [0m[INFO] [1789312364.079082362] [navigation_node]: HEALTH {"component": "navigation", "boot": "9d3f8ddfde8a4a91a3ee1e598f503937", "ready": true, "reason": "odom_joints_lasers_ready", "active": "IDLE", "sim_time": 86.60600000000001, "clock_progress_age_wall": 0.0}[0m
[task_manager-9] [0m[INFO] [1789312364.786671493] [task_manager]: FAILED:MISSION:manipulation:FAILED:TUCK_ARMS:torso:CONTROLLER_RESULT:6:-4:Aborted due to path tolerance violation[0m
[manipulation_node-7] [0m[INFO] [1789312366.831280813] [manipulation_node]: HEALTH {"component": "manipulation", "boot": "8ac49ea4cf99464989b284deccadba21", "ready": true, "reason": "controllers_kinematics_joints_scene_ready", "active": "IDLE:IDLE", "sim_time": 87.638, "clock_progress_age_wall": 0.0}[0m
[perception_node-6] [0m[INFO] [1789312368.653169439] [perception_node]: HEALTH {"component": "perception", "boot": "fad6caa1d2f241ddb5a0dba012fab9cf", "ready": true, "reason": "RGBD_READY; BOOK:NO_SEGMENTED_DEPTH_CANDIDATE", "active": "BOOK:BOOK:NO_SEGMENTED_DEPTH_CANDIDATE", "sim_time": 88.31200000000001, "clock_progress_age_wall": 0.0}[0m
[task_manager-9] [0m[INFO] [1789312368.885595195] [task_manager]: HEALTH {"component": "task", "boot": "532c318b82d44537a99b7482727aa170", "ready": true, "reason": "ready", "active": "FAILED", "sim_time": 88.39, "clock_progress_age_wall": 0.0}[0m
[navigation_node-8] [0m[INFO] [1789312369.578134594] [navigation_node]: HEALTH {"component": "navigation", "boot": "9d3f8ddfde8a4a91a3ee1e598f503937", "ready": true, "reason": "odom_joints_lasers_ready", "active": "IDLE", "sim_time": 88.64, "clock_progress_age_wall": 0.0}[0m
[task_manager-9] [0m[INFO] [1789312369.787445770] [task_manager]: FAILED:MISSION:manipulation:FAILED:TUCK_ARMS:torso:CONTROLLER_RESULT:6:-4:Aborted due to path tolerance violation[0m
[manipulation_node-7] [0m[INFO] [1789312372.581836179] [manipulation_node]: HEALTH {"component": "manipulation", "boot": "8ac49ea4cf99464989b284deccadba21", "ready": true, "reason": "controllers_kinematics_joints_scene_ready", "active": "IDLE:IDLE", "sim_time": 89.73400000000001, "clock_progress_age_wall": 0.0}[0m
[perception_node-6] [0m[INFO] [1789312374.153275454] [perception_node]: HEALTH {"component": "perception", "boot": "fad6caa1d2f241ddb5a0dba012fab9cf", "ready": true, "reason": "RGBD_READY; BOOK:NO_SEGMENTED_DEPTH_CANDIDATE", "active": "BOOK:BOOK:NO_SEGMENTED_DEPTH_CANDIDATE", "sim_time": 90.358, "clock_progress_age_wall": 0.0}[0m
[task_manager-9] [0m[INFO] [1789312374.633729833] [task_manager]: HEALTH {"component": "task", "boot": "532c318b82d44537a99b7482727aa170", "ready": true, "reason": "ready", "active": "FAILED", "sim_time": 90.536, "clock_progress_age_wall": 0.0}[0m
[task_manager-9] [0m[INFO] [1789312374.886492257] [task_manager]: FAILED:MISSION:manipulation:FAILED:TUCK_ARMS:torso:CONTROLLER_RESULT:6:-4:Aborted due to path tolerance violation[0m
[navigation_node-8] [0m[INFO] [1789312375.328290664] [navigation_node]: HEALTH {"component": "navigation", "boot": "9d3f8ddfde8a4a91a3ee1e598f503937", "ready": true, "reason": "odom_joints_lasers_ready", "active": "IDLE", "sim_time": 90.80000000000001, "clock_progress_age_wall": 0.0}[0m
[manipulation_node-7] [0m[INFO] [1789312378.581033873] [manipulation_node]: HEALTH {"component": "manipulation", "boot": "8ac49ea4cf99464989b284deccadba21", "ready": true, "reason": "controllers_kinematics_joints_scene_ready", "active": "IDLE:IDLE", "sim_time": 92.054, "clock_progress_age_wall": 0.0}[0m
[perception_node-6] [0m[INFO] [1789312379.902780988] [perception_node]: HEALTH {"component": "perception", "boot": "fad6caa1d2f241ddb5a0dba012fab9cf", "ready": true, "reason": "RGBD_READY; BOOK:NO_SEGMENTED_DEPTH_CANDIDATE", "active": "BOOK:BOOK:NO_SEGMENTED_DEPTH_CANDIDATE", "sim_time": 92.55000000000001, "clock_progress_age_wall": 0.0}[0m
[task_manager-9] [0m[INFO] [1789312379.986669433] [task_manager]: FAILED:MISSION:manipulation:FAILED:TUCK_ARMS:torso:CONTROLLER_RESULT:6:-4:Aborted due to path tolerance violation[0m
[task_manager-9] [0m[INFO] [1789312380.384193873] [task_manager]: HEALTH {"component": "task", "boot": "532c318b82d44537a99b7482727aa170", "ready": true, "reason": "ready", "active": "FAILED", "sim_time": 92.72200000000001, "clock_progress_age_wall": 0.0}[0m
[navigation_node-8] [0m[INFO] [1789312381.077731570] [navigation_node]: HEALTH {"component": "navigation", "boot": "9d3f8ddfde8a4a91a3ee1e598f503937", "ready": true, "reason": "odom_joints_lasers_ready", "active": "IDLE", "sim_time": 92.96400000000001, "clock_progress_age_wall": 0.0}[0m
[manipulation_node-7] [0m[INFO] [1789312384.081922789] [manipulation_node]: HEALTH {"component": "manipulation", "boot": "8ac49ea4cf99464989b284deccadba21", "ready": true, "reason": "controllers_kinematics_joints_scene_ready", "active": "IDLE:IDLE", "sim_time": 94.036, "clock_progress_age_wall": 0.0}[0m
[task_manager-9] [0m[INFO] [1789312385.085840048] [task_manager]: FAILED:MISSION:manipulation:FAILED:TUCK_ARMS:torso:CONTROLLER_RESULT:6:-4:Aborted due to path tolerance violation[0m
[perception_node-6] [0m[INFO] [1789312385.652985824] [perception_node]: HEALTH {"component": "perception", "boot": "fad6caa1d2f241ddb5a0dba012fab9cf", "ready": true, "reason": "RGBD_READY; BOOK:NO_SEGMENTED_DEPTH_CANDIDATE", "active": "BOOK:BOOK:NO_SEGMENTED_DEPTH_CANDIDATE", "sim_time": 94.616, "clock_progress_age_wall": 0.0}[0m
[task_manager-9] [0m[INFO] [1789312386.633616520] [task_manager]: HEALTH {"component": "task", "boot": "532c318b82d44537a99b7482727aa170", "ready": true, "reason": "ready", "active": "FAILED", "sim_time": 94.98, "clock_progress_age_wall": 0.0}[0m
[navigation_node-8] [0m[INFO] [1789312386.827300655] [navigation_node]: HEALTH {"component": "navigation", "boot": "9d3f8ddfde8a4a91a3ee1e598f503937", "ready": true, "reason": "odom_joints_lasers_ready", "active": "IDLE", "sim_time": 95.052, "clock_progress_age_wall": 0.0}[0m
[manipulation_node-7] [0m[INFO] [1789312389.831686650] [manipulation_node]: HEALTH {"component": "manipulation", "boot": "8ac49ea4cf99464989b284deccadba21", "ready": true, "reason": "controllers_kinematics_joints_scene_ready", "active": "IDLE:IDLE", "sim_time": 96.108, "clock_progress_age_wall": 0.0}[0m
[task_manager-9] [0m[INFO] [1789312390.086603279] [task_manager]: FAILED:MISSION:manipulation:FAILED:TUCK_ARMS:torso:CONTROLLER_RESULT:6:-4:Aborted due to path tolerance violation[0m
[perception_node-6] [0m[INFO] [1789312391.652385411] [perception_node]: HEALTH {"component": "perception", "boot": "fad6caa1d2f241ddb5a0dba012fab9cf", "ready": true, "reason": "RGBD_READY; BOOK:NO_SEGMENTED_DEPTH_CANDIDATE", "active": "BOOK:BOOK:NO_SEGMENTED_DEPTH_CANDIDATE", "sim_time": 96.75800000000001, "clock_progress_age_wall": 0.0}[0m
[task_manager-9] [0m[INFO] [1789312392.135258573] [task_manager]: HEALTH {"component": "task", "boot": "532c318b82d44537a99b7482727aa170", "ready": true, "reason": "ready", "active": "FAILED", "sim_time": 96.926, "clock_progress_age_wall": 0.0}[0m
[navigation_node-8] [0m[INFO] [1789312392.327498766] [navigation_node]: HEALTH {"component": "navigation", "boot": "9d3f8ddfde8a4a91a3ee1e598f503937", "ready": true, "reason": "odom_joints_lasers_ready", "active": "IDLE", "sim_time": 96.994, "clock_progress_age_wall": 0.0}[0m
[task_manager-9] [0m[INFO] [1789312395.185803650] [task_manager]: FAILED:MISSION:manipulation:FAILED:TUCK_ARMS:torso:CONTROLLER_RESULT:6:-4:Aborted due to path tolerance violation[0m
[manipulation_node-7] [0m[INFO] [1789312395.580788470] [manipulation_node]: HEALTH {"component": "manipulation", "boot": "8ac49ea4cf99464989b284deccadba21", "ready": true, "reason": "controllers_kinematics_joints_scene_ready", "active": "IDLE:IDLE", "sim_time": 98.248, "clock_progress_age_wall": 0.0}[0m
[perception_node-6] [0m[INFO] [1789312397.151672762] [perception_node]: HEALTH {"component": "perception", "boot": "fad6caa1d2f241ddb5a0dba012fab9cf", "ready": true, "reason": "RGBD_READY; waiting for acquisition-time TF", "active": "BOOK:waiting for acquisition-time TF", "sim_time": 98.83800000000001, "clock_progress_age_wall": 0.0}[0m
[navigation_node-8] [0m[INFO] [1789312397.827017895] [navigation_node]: HEALTH {"component": "navigation", "boot": "9d3f8ddfde8a4a91a3ee1e598f503937", "ready": true, "reason": "odom_joints_lasers_ready", "active": "IDLE", "sim_time": 99.09, "clock_progress_age_wall": 0.0}[0m
[task_manager-9] [0m[INFO] [1789312398.133618101] [task_manager]: HEALTH {"component": "task", "boot": "532c318b82d44537a99b7482727aa170", "ready": true, "reason": "ready", "active": "FAILED", "sim_time": 99.20800000000001, "clock_progress_age_wall": 0.0}[0m
[task_manager-9] [0m[INFO] [1789312400.185595663] [task_manager]: FAILED:MISSION:manipulation:FAILED:TUCK_ARMS:torso:CONTROLLER_RESULT:6:-4:Aborted due to path tolerance violation[0m
[manipulation_node-7] [0m[INFO] [1789312401.332659364] [manipulation_node]: HEALTH {"component": "manipulation", "boot": "8ac49ea4cf99464989b284deccadba21", "ready": true, "reason": "controllers_kinematics_joints_scene_ready", "active": "IDLE:IDLE", "sim_time": 100.44800000000001, "clock_progress_age_wall": 0.0}[0m
[perception_node-6] [0m[INFO] [1789312402.651505855] [perception_node]: HEALTH {"component": "perception", "boot": "fad6caa1d2f241ddb5a0dba012fab9cf", "ready": true, "reason": "RGBD_READY; BOOK:NO_SEGMENTED_DEPTH_CANDIDATE", "active": "BOOK:BOOK:NO_SEGMENTED_DEPTH_CANDIDATE", "sim_time": 100.97200000000001, "clock_progress_age_wall": 0.0}[0m
[navigation_node-8] [0m[INFO] [1789312403.576894353] [navigation_node]: HEALTH {"component": "navigation", "boot": "9d3f8ddfde8a4a91a3ee1e598f503937", "ready": true, "reason": "odom_joints_lasers_ready", "active": "IDLE", "sim_time": 101.33600000000001, "clock_progress_age_wall": 0.0}[0m
[task_manager-9] [0m[INFO] [1789312404.133195998] [task_manager]: HEALTH {"component": "task", "boot": "532c318b82d44537a99b7482727aa170", "ready": true, "reason": "ready", "active": "FAILED", "sim_time": 101.558, "clock_progress_age_wall": 0.0}[0m
[task_manager-9] [0m[INFO] [1789312405.285176185] [task_manager]: FAILED:MISSION:manipulation:FAILED:TUCK_ARMS:torso:CONTROLLER_RESULT:6:-4:Aborted due to path tolerance violation[0m
[manipulation_node-7] [0m[INFO] [1789312407.080266946] [manipulation_node]: HEALTH {"component": "manipulation", "boot": "8ac49ea4cf99464989b284deccadba21", "ready": true, "reason": "controllers_kinematics_joints_scene_ready", "active": "IDLE:IDLE", "sim_time": 102.686, "clock_progress_age_wall": 0.0}[0m
[perception_node-6] [0m[INFO] [1789312408.652377117] [perception_node]: HEALTH {"component": "perception", "boot": "fad6caa1d2f241ddb5a0dba012fab9cf", "ready": true, "reason": "RGBD_READY; BOOK:NO_SEGMENTED_DEPTH_CANDIDATE", "active": "BOOK:BOOK:NO_SEGMENTED_DEPTH_CANDIDATE", "sim_time": 103.272, "clock_progress_age_wall": 0.0}[0m
[navigation_node-8] [0m[INFO] [1789312409.576413006] [navigation_node]: HEALTH {"component": "navigation", "boot": "9d3f8ddfde8a4a91a3ee1e598f503937", "ready": true, "reason": "odom_joints_lasers_ready", "active": "IDLE", "sim_time": 103.60600000000001, "clock_progress_age_wall": 0.0}[0m
[task_manager-9] [0m[INFO] [1789312409.633328015] [task_manager]: HEALTH {"component": "task", "boot": "532c318b82d44537a99b7482727aa170", "ready": true, "reason": "ready", "active": "FAILED", "sim_time": 103.62400000000001, "clock_progress_age_wall": 0.0}[0m
[task_manager-9] [0m[INFO] [1789312410.385660024] [task_manager]: FAILED:MISSION:manipulation:FAILED:TUCK_ARMS:torso:CONTROLLER_RESULT:6:-4:Aborted due to path tolerance violation[0m
[manipulation_node-7] [0m[INFO] [1789312412.829764772] [manipulation_node]: HEALTH {"component": "manipulation", "boot": "8ac49ea4cf99464989b284deccadba21", "ready": true, "reason": "controllers_kinematics_joints_scene_ready", "active": "IDLE:IDLE", "sim_time": 104.81200000000001, "clock_progress_age_wall": 0.0}[0m
[perception_node-6] [0m[INFO] [1789312414.651103833] [perception_node]: HEALTH {"component": "perception", "boot": "fad6caa1d2f241ddb5a0dba012fab9cf", "ready": true, "reason": "RGBD_READY; waiting for acquisition-time TF", "active": "BOOK:waiting for acquisition-time TF", "sim_time": 105.47800000000001, "clock_progress_age_wall": 0.0}[0m
[navigation_node-8] [0m[INFO] [1789312415.076109363] [navigation_node]: HEALTH {"component": "navigation", "boot": "9d3f8ddfde8a4a91a3ee1e598f503937", "ready": true, "reason": "odom_joints_lasers_ready", "active": "IDLE", "sim_time": 105.632, "clock_progress_age_wall": 0.0}[0m
[task_manager-9] [0m[INFO] [1789312415.485034356] [task_manager]: FAILED:MISSION:manipulation:FAILED:TUCK_ARMS:torso:CONTROLLER_RESULT:6:-4:Aborted due to path tolerance violation[0m
[task_manager-9] [0m[INFO] [1789312415.632268593] [task_manager]: HEALTH {"component": "task", "boot": "532c318b82d44537a99b7482727aa170", "ready": true, "reason": "ready", "active": "FAILED", "sim_time": 105.84200000000001, "clock_progress_age_wall": 0.0}[0m
[manipulation_node-7] [0m[INFO] [1789312418.579414678] [manipulation_node]: HEALTH {"component": "manipulation", "boot": "8ac49ea4cf99464989b284deccadba21", "ready": true, "reason": "controllers_kinematics_joints_scene_ready", "active": "IDLE:IDLE", "sim_time": 106.924, "clock_progress_age_wall": 0.0}[0m
[perception_node-6] [0m[INFO] [1789312420.400875893] [perception_node]: HEALTH {"component": "perception", "boot": "fad6caa1d2f241ddb5a0dba012fab9cf", "ready": true, "reason": "RGBD_READY; BOOK:NO_SEGMENTED_DEPTH_CANDIDATE", "active": "BOOK:BOOK:NO_SEGMENTED_DEPTH_CANDIDATE", "sim_time": 107.596, "clock_progress_age_wall": 0.0}[0m
[task_manager-9] [0m[INFO] [1789312420.584763210] [task_manager]: FAILED:MISSION:manipulation:FAILED:TUCK_ARMS:torso:CONTROLLER_RESULT:6:-4:Aborted due to path tolerance violation[0m
[navigation_node-8] [0m[INFO] [1789312420.825935913] [navigation_node]: HEALTH {"component": "navigation", "boot": "9d3f8ddfde8a4a91a3ee1e598f503937", "ready": true, "reason": "odom_joints_lasers_ready", "active": "IDLE", "sim_time": 107.75200000000001, "clock_progress_age_wall": 0.0}[0m
[task_manager-9] [0m[INFO] [1789312421.632358480] [task_manager]: HEALTH {"component": "task", "boot": "532c318b82d44537a99b7482727aa170", "ready": true, "reason": "ready", "active": "FAILED", "sim_time": 108.036, "clock_progress_age_wall": 0.0}[0m
[manipulation_node-7] [0m[INFO] [1789312423.580487346] [manipulation_node]: HEALTH {"component": "manipulation", "boot": "8ac49ea4cf99464989b284deccadba21", "ready": true, "reason": "controllers_kinematics_joints_scene_ready", "active": "IDLE:IDLE", "sim_time": 108.74000000000001, "clock_progress_age_wall": 0.0}[0m
[task_manager-9] [0m[INFO] [1789312425.684252764] [task_manager]: FAILED:MISSION:manipulation:FAILED:TUCK_ARMS:torso:CONTROLLER_RESULT:6:-4:Aborted due to path tolerance violation[0m
[perception_node-6] [0m[INFO] [1789312426.150981328] [perception_node]: HEALTH {"component": "perception", "boot": "fad6caa1d2f241ddb5a0dba012fab9cf", "ready": true, "reason": "RGBD_READY; waiting for acquisition-time TF", "active": "BOOK:waiting for acquisition-time TF", "sim_time": 109.674, "clock_progress_age_wall": 0.0}[0m
[navigation_node-8] [0m[INFO] [1789312426.576088284] [navigation_node]: HEALTH {"component": "navigation", "boot": "9d3f8ddfde8a4a91a3ee1e598f503937", "ready": true, "reason": "odom_joints_lasers_ready", "active": "IDLE", "sim_time": 109.828, "clock_progress_age_wall": 0.0}[0m
[task_manager-9] [0m[INFO] [1789312427.631642000] [task_manager]: HEALTH {"component": "task", "boot": "532c318b82d44537a99b7482727aa170", "ready": true, "reason": "ready", "active": "FAILED", "sim_time": 110.22200000000001, "clock_progress_age_wall": 0.0}[0m
[manipulation_node-7] [0m[INFO] [1789312429.579362449] [manipulation_node]: HEALTH {"component": "manipulation", "boot": "8ac49ea4cf99464989b284deccadba21", "ready": true, "reason": "controllers_kinematics_joints_scene_ready", "active": "IDLE:IDLE", "sim_time": 110.95800000000001, "clock_progress_age_wall": 0.0}[0m
[task_manager-9] [0m[INFO] [1789312430.784222087] [task_manager]: FAILED:MISSION:manipulation:FAILED:TUCK_ARMS:torso:CONTROLLER_RESULT:6:-4:Aborted due to path tolerance violation[0m
[perception_node-6] [0m[INFO] [1789312432.150673629] [perception_node]: HEALTH {"component": "perception", "boot": "fad6caa1d2f241ddb5a0dba012fab9cf", "ready": true, "reason": "RGBD_READY; BOOK:NO_SEGMENTED_DEPTH_CANDIDATE", "active": "BOOK:BOOK:NO_SEGMENTED_DEPTH_CANDIDATE", "sim_time": 111.888, "clock_progress_age_wall": 0.0}[0m
[navigation_node-8] [0m[INFO] [1789312432.325720427] [navigation_node]: HEALTH {"component": "navigation", "boot": "9d3f8ddfde8a4a91a3ee1e598f503937", "ready": true, "reason": "odom_joints_lasers_ready", "active": "IDLE", "sim_time": 111.94600000000001, "clock_progress_age_wall": 0.0}[0m
[task_manager-9] [0m[INFO] [1789312433.132192170] [task_manager]: HEALTH {"component": "task", "boot": "532c318b82d44537a99b7482727aa170", "ready": true, "reason": "ready", "active": "FAILED", "sim_time": 112.21000000000001, "clock_progress_age_wall": 0.0}[0m
[manipulation_node-7] [0m[INFO] [1789312435.328669329] [manipulation_node]: HEALTH {"component": "manipulation", "boot": "8ac49ea4cf99464989b284deccadba21", "ready": true, "reason": "controllers_kinematics_joints_scene_ready", "active": "IDLE:IDLE", "sim_time": 113.03200000000001, "clock_progress_age_wall": 0.0}[0m
[task_manager-9] [0m[INFO] [1789312435.883861614] [task_manager]: FAILED:MISSION:manipulation:FAILED:TUCK_ARMS:torso:CONTROLLER_RESULT:6:-4:Aborted due to path tolerance violation[0m
[perception_node-6] [0m[INFO] [1789312437.650200966] [perception_node]: HEALTH {"component": "perception", "boot": "fad6caa1d2f241ddb5a0dba012fab9cf", "ready": true, "reason": "RGBD_READY; BOOK:NO_SEGMENTED_DEPTH_CANDIDATE", "active": "BOOK:BOOK:NO_SEGMENTED_DEPTH_CANDIDATE", "sim_time": 113.944, "clock_progress_age_wall": 0.0}[0m
[navigation_node-8] [0m[INFO] [1789312438.325220902] [navigation_node]: HEALTH {"component": "navigation", "boot": "9d3f8ddfde8a4a91a3ee1e598f503937", "ready": true, "reason": "odom_joints_lasers_ready", "active": "IDLE", "sim_time": 114.24000000000001, "clock_progress_age_wall": 0.0}[0m
[task_manager-9] [0m[INFO] [1789312438.632242774] [task_manager]: HEALTH {"component": "task", "boot": "532c318b82d44537a99b7482727aa170", "ready": true, "reason": "ready", "active": "FAILED", "sim_time": 114.36200000000001, "clock_progress_age_wall": 0.0}[0m
[manipulation_node-7] [0m[INFO] [1789312440.828683641] [manipulation_node]: HEALTH {"component": "manipulation", "boot": "8ac49ea4cf99464989b284deccadba21", "ready": true, "reason": "controllers_kinematics_joints_scene_ready", "active": "IDLE:IDLE", "sim_time": 115.21000000000001, "clock_progress_age_wall": 0.0}[0m
[task_manager-9] [0m[INFO] [1789312440.984034884] [task_manager]: FAILED:MISSION:manipulation:FAILED:TUCK_ARMS:torso:CONTROLLER_RESULT:6:-4:Aborted due to path tolerance violation[0m
[perception_node-6] [0m[INFO] [1789312443.149652402] [perception_node]: HEALTH {"component": "perception", "boot": "fad6caa1d2f241ddb5a0dba012fab9cf", "ready": true, "reason": "RGBD_READY; BOOK:NO_SEGMENTED_DEPTH_CANDIDATE", "active": "BOOK:BOOK:NO_SEGMENTED_DEPTH_CANDIDATE", "sim_time": 116.16600000000001, "clock_progress_age_wall": 0.0}[0m
[navigation_node-8] [0m[INFO] [1789312444.074909725] [navigation_node]: HEALTH {"component": "navigation", "boot": "9d3f8ddfde8a4a91a3ee1e598f503937", "ready": true, "reason": "odom_joints_lasers_ready", "active": "IDLE", "sim_time": 116.56200000000001, "clock_progress_age_wall": 0.0}[0m
[task_manager-9] [0m[INFO] [1789312444.631845847] [task_manager]: HEALTH {"component": "task", "boot": "532c318b82d44537a99b7482727aa170", "ready": true, "reason": "ready", "active": "FAILED", "sim_time": 116.798, "clock_progress_age_wall": 0.0}[0m
[task_manager-9] [0m[INFO] [1789312445.984272827] [task_manager]: FAILED:MISSION:manipulation:FAILED:TUCK_ARMS:torso:CONTROLLER_RESULT:6:-4:Aborted due to path tolerance violation[0m
[manipulation_node-7] [0m[INFO] [1789312446.827966779] [manipulation_node]: HEALTH {"component": "manipulation", "boot": "8ac49ea4cf99464989b284deccadba21", "ready": true, "reason": "controllers_kinematics_joints_scene_ready", "active": "IDLE:IDLE", "sim_time": 117.674, "clock_progress_age_wall": 0.0}[0m
[perception_node-6] [0m[INFO] [1789312448.649907451] [perception_node]: HEALTH {"component": "perception", "boot": "fad6caa1d2f241ddb5a0dba012fab9cf", "ready": true, "reason": "RGBD_READY; BOOK:NO_SEGMENTED_DEPTH_CANDIDATE", "active": "BOOK:BOOK:NO_SEGMENTED_DEPTH_CANDIDATE", "sim_time": 118.39800000000001, "clock_progress_age_wall": 0.0}[0m
[navigation_node-8] [0m[INFO] [1789312449.576771111] [navigation_node]: HEALTH {"component": "navigation", "boot": "9d3f8ddfde8a4a91a3ee1e598f503937", "ready": true, "reason": "odom_joints_lasers_ready", "active": "IDLE", "sim_time": 118.768, "clock_progress_age_wall": 0.0}[0m
[task_manager-9] [0m[INFO] [1789312450.381330826] [task_manager]: HEALTH {"component": "task", "boot": "532c318b82d44537a99b7482727aa170", "ready": true, "reason": "ready", "active": "FAILED", "sim_time": 119.10400000000001, "clock_progress_age_wall": 0.0}[0m
[task_manager-9] [0m[INFO] [1789312451.084081178] [task_manager]: FAILED:MISSION:manipulation:FAILED:TUCK_ARMS:torso:CONTROLLER_RESULT:6:-4:Aborted due to path tolerance violation[0m
[manipulation_node-7] [0m[INFO] [1789312452.328371391] [manipulation_node]: HEALTH {"component": "manipulation", "boot": "8ac49ea4cf99464989b284deccadba21", "ready": true, "reason": "controllers_kinematics_joints_scene_ready", "active": "IDLE:IDLE", "sim_time": 119.912, "clock_progress_age_wall": 0.0}[0m
[perception_node-6] [0m[INFO] [1789312454.399445505] [perception_node]: HEALTH {"component": "perception", "boot": "fad6caa1d2f241ddb5a0dba012fab9cf", "ready": true, "reason": "RGBD_READY; BOOK:NO_SEGMENTED_DEPTH_CANDIDATE", "active": "BOOK:BOOK:NO_SEGMENTED_DEPTH_CANDIDATE", "sim_time": 120.768, "clock_progress_age_wall": 0.0}[0m
[navigation_node-8] [0m[INFO] [1789312455.324662546] [navigation_node]: HEALTH {"component": "navigation", "boot": "9d3f8ddfde8a4a91a3ee1e598f503937", "ready": true, "reason": "odom_joints_lasers_ready", "active": "IDLE", "sim_time": 121.152, "clock_progress_age_wall": 0.0}[0m
[task_manager-9] [0m[INFO] [1789312456.183925168] [task_manager]: FAILED:MISSION:manipulation:FAILED:TUCK_ARMS:torso:CONTROLLER_RESULT:6:-4:Aborted due to path tolerance violation[0m
[task_manager-9] [0m[INFO] [1789312456.380468597] [task_manager]: HEALTH {"component": "task", "boot": "532c318b82d44537a99b7482727aa170", "ready": true, "reason": "ready", "active": "FAILED", "sim_time": 121.578, "clock_progress_age_wall": 0.0}[0m
[manipulation_node-7] [0m[INFO] [1789312458.077435260] [manipulation_node]: HEALTH {"component": "manipulation", "boot": "8ac49ea4cf99464989b284deccadba21", "ready": true, "reason": "controllers_kinematics_joints_scene_ready", "active": "IDLE:IDLE", "sim_time": 122.26400000000001, "clock_progress_age_wall": 0.0}[0m
[perception_node-6] [0m[INFO] [1789312459.899524593] [perception_node]: HEALTH {"component": "perception", "boot": "fad6caa1d2f241ddb5a0dba012fab9cf", "ready": true, "reason": "RGBD_READY; BOOK:NO_SEGMENTED_DEPTH_CANDIDATE", "active": "BOOK:BOOK:NO_SEGMENTED_DEPTH_CANDIDATE", "sim_time": 123.00000000000001, "clock_progress_age_wall": 0.0}[0m
[navigation_node-8] [0m[INFO] [1789312460.325044986] [navigation_node]: HEALTH {"component": "navigation", "boot": "9d3f8ddfde8a4a91a3ee1e598f503937", "ready": true, "reason": "odom_joints_lasers_ready", "active": "IDLE", "sim_time": 123.17, "clock_progress_age_wall": 0.0}[0m
[task_manager-9] [0m[INFO] [1789312461.282934062] [task_manager]: FAILED:MISSION:manipulation:FAILED:TUCK_ARMS:torso:CONTROLLER_RESULT:6:-4:Aborted due to path tolerance violation[0m
[task_manager-9] [0m[INFO] [1789312462.130609782] [task_manager]: HEALTH {"component": "task", "boot": "532c318b82d44537a99b7482727aa170", "ready": true, "reason": "ready", "active": "FAILED", "sim_time": 123.88400000000001, "clock_progress_age_wall": 0.0}[0m
[manipulation_node-7] [0m[INFO] [1789312463.828291132] [manipulation_node]: HEALTH {"component": "manipulation", "boot": "8ac49ea4cf99464989b284deccadba21", "ready": true, "reason": "controllers_kinematics_joints_scene_ready", "active": "IDLE:IDLE", "sim_time": 124.584, "clock_progress_age_wall": 0.0}[0m
[perception_node-6] [0m[INFO] [1789312465.649862546] [perception_node]: HEALTH {"component": "perception", "boot": "fad6caa1d2f241ddb5a0dba012fab9cf", "ready": true, "reason": "RGBD_READY; waiting for acquisition-time TF", "active": "BOOK:waiting for acquisition-time TF", "sim_time": 125.32000000000001, "clock_progress_age_wall": 0.0}[0m
[task_manager-9] [0m[INFO] [1789312466.382899558] [task_manager]: FAILED:MISSION:manipulation:FAILED:TUCK_ARMS:torso:CONTROLLER_RESULT:6:-4:Aborted due to path tolerance violation[0m
[navigation_node-8] [0m[INFO] [1789312466.574807318] [navigation_node]: HEALTH {"component": "navigation", "boot": "9d3f8ddfde8a4a91a3ee1e598f503937", "ready": true, "reason": "odom_joints_lasers_ready", "active": "IDLE", "sim_time": 125.706, "clock_progress_age_wall": 0.0}[0m
[task_manager-9] [0m[INFO] [1789312467.880453430] [task_manager]: HEALTH {"component": "task", "boot": "532c318b82d44537a99b7482727aa170", "ready": true, "reason": "ready", "active": "FAILED", "sim_time": 126.22600000000001, "clock_progress_age_wall": 0.0}[0m
[manipulation_node-7] [0m[INFO] [1789312469.578040531] [manipulation_node]: HEALTH {"component": "manipulation", "boot": "8ac49ea4cf99464989b284deccadba21", "ready": true, "reason": "controllers_kinematics_joints_scene_ready", "active": "IDLE:IDLE", "sim_time": 126.95400000000001, "clock_progress_age_wall": 0.0}[0m
[perception_node-6] [0m[INFO] [1789312471.398415998] [perception_node]: HEALTH {"component": "perception", "boot": "fad6caa1d2f241ddb5a0dba012fab9cf", "ready": true, "reason": "RGBD_READY; waiting for acquisition-time TF", "active": "BOOK:waiting for acquisition-time TF", "sim_time": 127.718, "clock_progress_age_wall": 0.0}[0m
[task_manager-9] [0m[INFO] [1789312471.483288785] [task_manager]: FAILED:MISSION:manipulation:FAILED:TUCK_ARMS:torso:CONTROLLER_RESULT:6:-4:Aborted due to path tolerance violation[0m
[navigation_node-8] [0m[INFO] [1789312472.323917585] [navigation_node]: HEALTH {"component": "navigation", "boot": "9d3f8ddfde8a4a91a3ee1e598f503937", "ready": true, "reason": "odom_joints_lasers_ready", "active": "IDLE", "sim_time": 128.114, "clock_progress_age_wall": 0.0}[0m
[task_manager-9] [0m[INFO] [1789312473.880234453] [task_manager]: HEALTH {"component": "task", "boot": "532c318b82d44537a99b7482727aa170", "ready": true, "reason": "ready", "active": "FAILED", "sim_time": 128.76600000000002, "clock_progress_age_wall": 0.0}[0m
[manipulation_node-7] [0m[INFO] [1789312475.078892737] [manipulation_node]: HEALTH {"component": "manipulation", "boot": "8ac49ea4cf99464989b284deccadba21", "ready": true, "reason": "controllers_kinematics_joints_scene_ready", "active": "IDLE:IDLE", "sim_time": 129.244, "clock_progress_age_wall": 0.0}[0m
[perception_node-6] [0m[INFO] [1789312476.398981840] [perception_node]: HEALTH {"component": "perception", "boot": "fad6caa1d2f241ddb5a0dba012fab9cf", "ready": true, "reason": "RGBD_READY; BOOK:NO_SEGMENTED_DEPTH_CANDIDATE", "active": "BOOK:BOOK:NO_SEGMENTED_DEPTH_CANDIDATE", "sim_time": 129.764, "clock_progress_age_wall": 0.0}[0m
[task_manager-9] [0m[INFO] [1789312476.582310396] [task_manager]: FAILED:MISSION:manipulation:FAILED:TUCK_ARMS:torso:CONTROLLER_RESULT:6:-4:Aborted due to path tolerance violation[0m
[navigation_node-8] [0m[INFO] [1789312478.074125104] [navigation_node]: HEALTH {"component": "navigation", "boot": "9d3f8ddfde8a4a91a3ee1e598f503937", "ready": true, "reason": "odom_joints_lasers_ready", "active": "IDLE", "sim_time": 130.41400000000002, "clock_progress_age_wall": 0.0}[0m
[task_manager-9] [0m[INFO] [1789312479.630516408] [task_manager]: HEALTH {"component": "task", "boot": "532c318b82d44537a99b7482727aa170", "ready": true, "reason": "ready", "active": "FAILED", "sim_time": 131.01600000000002, "clock_progress_age_wall": 0.0}[0m
[manipulation_node-7] [0m[INFO] [1789312480.577950431] [manipulation_node]: HEALTH {"component": "manipulation", "boot": "8ac49ea4cf99464989b284deccadba21", "ready": true, "reason": "controllers_kinematics_joints_scene_ready", "active": "IDLE:IDLE", "sim_time": 131.38400000000001, "clock_progress_age_wall": 0.0}[0m
[task_manager-9] [0m[INFO] [1789312481.682331117] [task_manager]: FAILED:MISSION:manipulation:FAILED:TUCK_ARMS:torso:CONTROLLER_RESULT:6:-4:Aborted due to path tolerance violation[0m
[perception_node-6] [0m[INFO] [1789312482.148657357] [perception_node]: HEALTH {"component": "perception", "boot": "fad6caa1d2f241ddb5a0dba012fab9cf", "ready": true, "reason": "RGBD_READY; BOOK:NO_SEGMENTED_DEPTH_CANDIDATE", "active": "BOOK:BOOK:NO_SEGMENTED_DEPTH_CANDIDATE", "sim_time": 131.97400000000002, "clock_progress_age_wall": 0.0}[0m
[navigation_node-8] [0m[INFO] [1789312484.074178426] [navigation_node]: HEALTH {"component": "navigation", "boot": "9d3f8ddfde8a4a91a3ee1e598f503937", "ready": true, "reason": "odom_joints_lasers_ready", "active": "IDLE", "sim_time": 132.674, "clock_progress_age_wall": 0.0}[0m
[task_manager-9] [0m[INFO] [1789312485.379425864] [task_manager]: HEALTH {"component": "task", "boot": "532c318b82d44537a99b7482727aa170", "ready": true, "reason": "ready", "active": "FAILED", "sim_time": 133.15200000000002, "clock_progress_age_wall": 0.0}[0m
[manipulation_node-7] [0m[INFO] [1789312486.577968887] [manipulation_node]: HEALTH {"component": "manipulation", "boot": "8ac49ea4cf99464989b284deccadba21", "ready": true, "reason": "controllers_kinematics_joints_scene_ready", "active": "IDLE:IDLE", "sim_time": 133.606, "clock_progress_age_wall": 0.0}[0m
[task_manager-9] [0m[INFO] [1789312486.782105569] [task_manager]: FAILED:MISSION:manipulation:FAILED:TUCK_ARMS:torso:CONTROLLER_RESULT:6:-4:Aborted due to path tolerance violation[0m
[perception_node-6] [0m[INFO] [1789312487.898574772] [perception_node]: HEALTH {"component": "perception", "boot": "fad6caa1d2f241ddb5a0dba012fab9cf", "ready": true, "reason": "RGBD_READY; BOOK:NO_SEGMENTED_DEPTH_CANDIDATE", "active": "BOOK:BOOK:NO_SEGMENTED_DEPTH_CANDIDATE", "sim_time": 134.14600000000002, "clock_progress_age_wall": 0.0}[0m
[navigation_node-8] [0m[INFO] [1789312490.073773550] [navigation_node]: HEALTH {"component": "navigation", "boot": "9d3f8ddfde8a4a91a3ee1e598f503937", "ready": true, "reason": "odom_joints_lasers_ready", "active": "IDLE", "sim_time": 134.98000000000002, "clock_progress_age_wall": 0.0}[0m
[task_manager-9] [0m[INFO] [1789312491.129415656] [task_manager]: HEALTH {"component": "task", "boot": "532c318b82d44537a99b7482727aa170", "ready": true, "reason": "ready", "active": "FAILED", "sim_time": 135.394, "clock_progress_age_wall": 0.0}[0m
[task_manager-9] [0m[INFO] [1789312491.881907604] [task_manager]: FAILED:MISSION:manipulation:FAILED:TUCK_ARMS:torso:CONTROLLER_RESULT:6:-4:Aborted due to path tolerance violation[0m
[manipulation_node-7] [0m[INFO] [1789312492.577209754] [manipulation_node]: HEALTH {"component": "manipulation", "boot": "8ac49ea4cf99464989b284deccadba21", "ready": true, "reason": "controllers_kinematics_joints_scene_ready", "active": "IDLE:IDLE", "sim_time": 135.952, "clock_progress_age_wall": 0.0}[0m
[perception_node-6] [0m[INFO] [1789312493.648266246] [perception_node]: HEALTH {"component": "perception", "boot": "fad6caa1d2f241ddb5a0dba012fab9cf", "ready": true, "reason": "RGBD_READY; BOOK:NO_SEGMENTED_DEPTH_CANDIDATE", "active": "BOOK:BOOK:NO_SEGMENTED_DEPTH_CANDIDATE", "sim_time": 136.354, "clock_progress_age_wall": 0.0}[0m
[navigation_node-8] [0m[INFO] [1789312495.572997686] [navigation_node]: HEALTH {"component": "navigation", "boot": "9d3f8ddfde8a4a91a3ee1e598f503937", "ready": true, "reason": "odom_joints_lasers_ready", "active": "IDLE", "sim_time": 137.086, "clock_progress_age_wall": 0.0}[0m
[task_manager-9] [0m[INFO] [1789312496.629460327] [task_manager]: HEALTH {"component": "task", "boot": "532c318b82d44537a99b7482727aa170", "ready": true, "reason": "ready", "active": "FAILED", "sim_time": 137.5, "clock_progress_age_wall": 0.0}[0m
[task_manager-9] [0m[INFO] [1789312496.881984947] [task_manager]: FAILED:MISSION:manipulation:FAILED:TUCK_ARMS:torso:CONTROLLER_RESULT:6:-4:Aborted due to path tolerance violation[0m
[manipulation_node-7] [0m[INFO] [1789312498.575943326] [manipulation_node]: HEALTH {"component": "manipulation", "boot": "8ac49ea4cf99464989b284deccadba21", "ready": true, "reason": "controllers_kinematics_joints_scene_ready", "active": "IDLE:IDLE", "sim_time": 138.198, "clock_progress_age_wall": 0.0}[0m
[perception_node-6] [0m[INFO] [1789312499.647430924] [perception_node]: HEALTH {"component": "perception", "boot": "fad6caa1d2f241ddb5a0dba012fab9cf", "ready": true, "reason": "RGBD_READY; BOOK:NO_SEGMENTED_DEPTH_CANDIDATE", "active": "BOOK:BOOK:NO_SEGMENTED_DEPTH_CANDIDATE", "sim_time": 138.58, "clock_progress_age_wall": 0.0}[0m
[navigation_node-8] [0m[INFO] [1789312501.572870773] [navigation_node]: HEALTH {"component": "navigation", "boot": "9d3f8ddfde8a4a91a3ee1e598f503937", "ready": true, "reason": "odom_joints_lasers_ready", "active": "IDLE", "sim_time": 139.268, "clock_progress_age_wall": 0.0}[0m
[task_manager-9] [0m[INFO] [1789312501.981551431] [task_manager]: FAILED:MISSION:manipulation:FAILED:TUCK_ARMS:torso:CONTROLLER_RESULT:6:-4:Aborted due to path tolerance violation[0m
[task_manager-9] [0m[INFO] [1789312502.129126035] [task_manager]: HEALTH {"component": "task", "boot": "532c318b82d44537a99b7482727aa170", "ready": true, "reason": "ready", "active": "FAILED", "sim_time": 139.476, "clock_progress_age_wall": 0.0}[0m
[manipulation_node-7] [0m[INFO] [1789312504.326878826] [manipulation_node]: HEALTH {"component": "manipulation", "boot": "8ac49ea4cf99464989b284deccadba21", "ready": true, "reason": "controllers_kinematics_joints_scene_ready", "active": "IDLE:IDLE", "sim_time": 140.27, "clock_progress_age_wall": 0.0}[0m
[perception_node-6] [0m[INFO] [1789312505.647508922] [perception_node]: HEALTH {"component": "perception", "boot": "fad6caa1d2f241ddb5a0dba012fab9cf", "ready": true, "reason": "RGBD_READY; BOOK:NO_SEGMENTED_DEPTH_CANDIDATE", "active": "BOOK:BOOK:NO_SEGMENTED_DEPTH_CANDIDATE", "sim_time": 140.76600000000002, "clock_progress_age_wall": 0.0}[0m
[task_manager-9] [0m[INFO] [1789312506.982370399] [task_manager]: FAILED:MISSION:manipulation:FAILED:TUCK_ARMS:torso:CONTROLLER_RESULT:6:-4:Aborted due to path tolerance violation[0m
[navigation_node-8] [0m[INFO] [1789312507.322144263] [navigation_node]: HEALTH {"component": "navigation", "boot": "9d3f8ddfde8a4a91a3ee1e598f503937", "ready": true, "reason": "odom_joints_lasers_ready", "active": "IDLE", "sim_time": 141.418, "clock_progress_age_wall": 0.0}[0m
[task_manager-9] [0m[INFO] [1789312507.878751775] [task_manager]: HEALTH {"component": "task", "boot": "532c318b82d44537a99b7482727aa170", "ready": true, "reason": "ready", "active": "FAILED", "sim_time": 141.636, "clock_progress_age_wall": 0.0}[0m
[manipulation_node-7] [0m[INFO] [1789312510.325821378] [manipulation_node]: HEALTH {"component": "manipulation", "boot": "8ac49ea4cf99464989b284deccadba21", "ready": true, "reason": "controllers_kinematics_joints_scene_ready", "active": "IDLE:IDLE", "sim_time": 142.602, "clock_progress_age_wall": 0.0}[0m
[perception_node-6] [0m[INFO] [1789312511.397366759] [perception_node]: HEALTH {"component": "perception", "boot": "fad6caa1d2f241ddb5a0dba012fab9cf", "ready": true, "reason": "RGBD_READY; BOOK:NO_SEGMENTED_DEPTH_CANDIDATE", "active": "BOOK:BOOK:NO_SEGMENTED_DEPTH_CANDIDATE", "sim_time": 143.02200000000002, "clock_progress_age_wall": 0.0}[0m
[task_manager-9] [0m[INFO] [1789312512.081229159] [task_manager]: FAILED:MISSION:manipulation:FAILED:TUCK_ARMS:torso:CONTROLLER_RESULT:6:-4:Aborted due to path tolerance violation[0m
[navigation_node-8] [0m[INFO] [1789312512.822463511] [navigation_node]: HEALTH {"component": "navigation", "boot": "9d3f8ddfde8a4a91a3ee1e598f503937", "ready": true, "reason": "odom_joints_lasers_ready", "active": "IDLE", "sim_time": 143.592, "clock_progress_age_wall": 0.0}[0m
[task_manager-9] [0m[INFO] [1789312513.629022144] [task_manager]: HEALTH {"component": "task", "boot": "532c318b82d44537a99b7482727aa170", "ready": true, "reason": "ready", "active": "FAILED", "sim_time": 143.934, "clock_progress_age_wall": 0.0}[0m
[manipulation_node-7] [0m[INFO] [1789312516.076231980] [manipulation_node]: HEALTH {"component": "manipulation", "boot": "8ac49ea4cf99464989b284deccadba21", "ready": true, "reason": "controllers_kinematics_joints_scene_ready", "active": "IDLE:IDLE", "sim_time": 144.90800000000002, "clock_progress_age_wall": 0.0}[0m
[perception_node-6] [0m[INFO] [1789312517.146877152] [perception_node]: HEALTH {"component": "perception", "boot": "fad6caa1d2f241ddb5a0dba012fab9cf", "ready": true, "reason": "RGBD_READY; BOOK:NO_SEGMENTED_DEPTH_CANDIDATE", "active": "BOOK:BOOK:NO_SEGMENTED_DEPTH_CANDIDATE", "sim_time": 145.346, "clock_progress_age_wall": 0.0}[0m
[task_manager-9] [0m[INFO] [1789312517.180928620] [task_manager]: FAILED:MISSION:manipulation:FAILED:TUCK_ARMS:torso:CONTROLLER_RESULT:6:-4:Aborted due to path tolerance violation[0m
[navigation_node-8] [0m[INFO] [1789312518.572262879] [navigation_node]: HEALTH {"component": "navigation", "boot": "9d3f8ddfde8a4a91a3ee1e598f503937", "ready": true, "reason": "odom_joints_lasers_ready", "active": "IDLE", "sim_time": 145.946, "clock_progress_age_wall": 0.0}[0m
[task_manager-9] [0m[INFO] [1789312519.878411649] [task_manager]: HEALTH {"component": "task", "boot": "532c318b82d44537a99b7482727aa170", "ready": true, "reason": "ready", "active": "FAILED", "sim_time": 146.506, "clock_progress_age_wall": 0.0}[0m
[manipulation_node-7] [0m[INFO] [1789312521.575834652] [manipulation_node]: HEALTH {"component": "manipulation", "boot": "8ac49ea4cf99464989b284deccadba21", "ready": true, "reason": "controllers_kinematics_joints_scene_ready", "active": "IDLE:IDLE", "sim_time": 147.204, "clock_progress_age_wall": 0.0}[0m
[task_manager-9] [0m[INFO] [1789312522.181155945] [task_manager]: FAILED:MISSION:manipulation:FAILED:TUCK_ARMS:torso:CONTROLLER_RESULT:6:-4:Aborted due to path tolerance violation[0m
[perception_node-6] [0m[INFO] [1789312523.146383631] [perception_node]: HEALTH {"component": "perception", "boot": "fad6caa1d2f241ddb5a0dba012fab9cf", "ready": true, "reason": "RGBD_READY; BOOK:NO_SEGMENTED_DEPTH_CANDIDATE", "active": "BOOK:BOOK:NO_SEGMENTED_DEPTH_CANDIDATE", "sim_time": 147.86800000000002, "clock_progress_age_wall": 0.0}[0m
[navigation_node-8] [0m[INFO] [1789312524.571892944] [navigation_node]: HEALTH {"component": "navigation", "boot": "9d3f8ddfde8a4a91a3ee1e598f503937", "ready": true, "reason": "odom_joints_lasers_ready", "active": "IDLE", "sim_time": 148.446, "clock_progress_age_wall": 0.0}[0m
[task_manager-9] [0m[INFO] [1789312525.628217485] [task_manager]: HEALTH {"component": "task", "boot": "532c318b82d44537a99b7482727aa170", "ready": true, "reason": "ready", "active": "FAILED", "sim_time": 148.88, "clock_progress_age_wall": 0.0}[0m
[manipulation_node-7] [0m[INFO] [1789312527.075252035] [manipulation_node]: HEALTH {"component": "manipulation", "boot": "8ac49ea4cf99464989b284deccadba21", "ready": true, "reason": "controllers_kinematics_joints_scene_ready", "active": "IDLE:IDLE", "sim_time": 149.49200000000002, "clock_progress_age_wall": 0.0}[0m
[task_manager-9] [0m[INFO] [1789312527.280235454] [task_manager]: FAILED:MISSION:manipulation:FAILED:TUCK_ARMS:torso:CONTROLLER_RESULT:6:-4:Aborted due to path tolerance violation[0m
[perception_node-6] [0m[INFO] [1789312528.646906945] [perception_node]: HEALTH {"component": "perception", "boot": "fad6caa1d2f241ddb5a0dba012fab9cf", "ready": true, "reason": "RGBD_READY; waiting for acquisition-time TF", "active": "BOOK:waiting for acquisition-time TF", "sim_time": 150.154, "clock_progress_age_wall": 0.0}[0m
[navigation_node-8] [0m[INFO] [1789312530.571299848] [navigation_node]: HEALTH {"component": "navigation", "boot": "9d3f8ddfde8a4a91a3ee1e598f503937", "ready": true, "reason": "odom_joints_lasers_ready", "active": "IDLE", "sim_time": 150.97, "clock_progress_age_wall": 0.0}[0m
[task_manager-9] [0m[INFO] [1789312531.128219878] [task_manager]: HEALTH {"component": "task", "boot": "532c318b82d44537a99b7482727aa170", "ready": true, "reason": "ready", "active": "FAILED", "sim_time": 151.208, "clock_progress_age_wall": 0.0}[0m
[task_manager-9] [0m[INFO] [1789312532.380338547] [task_manager]: FAILED:MISSION:manipulation:FAILED:TUCK_ARMS:torso:CONTROLLER_RESULT:6:-4:Aborted due to path tolerance violation[0m
[manipulation_node-7] [0m[INFO] [1789312533.075765390] [manipulation_node]: HEALTH {"component": "manipulation", "boot": "8ac49ea4cf99464989b284deccadba21", "ready": true, "reason": "controllers_kinematics_joints_scene_ready", "active": "IDLE:IDLE", "sim_time": 152.00400000000002, "clock_progress_age_wall": 0.0}[0m
[perception_node-6] [0m[INFO] [1789312534.396264396] [perception_node]: HEALTH {"component": "perception", "boot": "fad6caa1d2f241ddb5a0dba012fab9cf", "ready": true, "reason": "RGBD_READY; BOOK:NO_SEGMENTED_DEPTH_CANDIDATE", "active": "BOOK:BOOK:NO_SEGMENTED_DEPTH_CANDIDATE", "sim_time": 152.556, "clock_progress_age_wall": 0.0}[0m
[navigation_node-8] [0m[INFO] [1789312536.071414366] [navigation_node]: HEALTH {"component": "navigation", "boot": "9d3f8ddfde8a4a91a3ee1e598f503937", "ready": true, "reason": "odom_joints_lasers_ready", "active": "IDLE", "sim_time": 153.262, "clock_progress_age_wall": 0.0}[0m
[task_manager-9] [0m[INFO] [1789312537.377924215] [task_manager]: HEALTH {"component": "task", "boot": "532c318b82d44537a99b7482727aa170", "ready": true, "reason": "ready", "active": "FAILED", "sim_time": 153.74200000000002, "clock_progress_age_wall": 0.0}[0m
[task_manager-9] [0m[INFO] [1789312537.480123382] [task_manager]: FAILED:MISSION:manipulation:FAILED:TUCK_ARMS:torso:CONTROLLER_RESULT:6:-4:Aborted due to path tolerance violation[0m
[manipulation_node-7] [0m[INFO] [1789312539.075008170] [manipulation_node]: HEALTH {"component": "manipulation", "boot": "8ac49ea4cf99464989b284deccadba21", "ready": true, "reason": "controllers_kinematics_joints_scene_ready", "active": "IDLE:IDLE", "sim_time": 154.35600000000002, "clock_progress_age_wall": 0.0}[0m
[perception_node-6] [0m[INFO] [1789312540.146403597] [perception_node]: HEALTH {"component": "perception", "boot": "fad6caa1d2f241ddb5a0dba012fab9cf", "ready": true, "reason": "RGBD_READY; waiting for acquisition-time TF", "active": "BOOK:waiting for acquisition-time TF", "sim_time": 154.76000000000002, "clock_progress_age_wall": 0.0}[0m
[navigation_node-8] [0m[INFO] [1789312542.071211756] [navigation_node]: HEALTH {"component": "navigation", "boot": "9d3f8ddfde8a4a91a3ee1e598f503937", "ready": true, "reason": "odom_joints_lasers_ready", "active": "IDLE", "sim_time": 155.5, "clock_progress_age_wall": 0.0}[0m
[task_manager-9] [0m[INFO] [1789312542.580018797] [task_manager]: FAILED:MISSION:manipulation:FAILED:TUCK_ARMS:torso:CONTROLLER_RESULT:6:-4:Aborted due to path tolerance violation[0m
[task_manager-9] [0m[INFO] [1789312543.377542029] [task_manager]: HEALTH {"component": "task", "boot": "532c318b82d44537a99b7482727aa170", "ready": true, "reason": "ready", "active": "FAILED", "sim_time": 156.0, "clock_progress_age_wall": 0.0}[0m
[manipulation_node-7] [0m[INFO] [1789312544.825149033] [manipulation_node]: HEALTH {"component": "manipulation", "boot": "8ac49ea4cf99464989b284deccadba21", "ready": true, "reason": "controllers_kinematics_joints_scene_ready", "active": "IDLE:IDLE", "sim_time": 156.58, "clock_progress_age_wall": 0.0}[0m
[perception_node-6] [0m[INFO] [1789312546.146336484] [perception_node]: HEALTH {"component": "perception", "boot": "fad6caa1d2f241ddb5a0dba012fab9cf", "ready": true, "reason": "RGBD_READY; BOOK:NO_SEGMENTED_DEPTH_CANDIDATE", "active": "BOOK:BOOK:NO_SEGMENTED_DEPTH_CANDIDATE", "sim_time": 157.06, "clock_progress_age_wall": 0.0}[0m
[navigation_node-8] [0m[INFO] [1789312547.572334415] [navigation_node]: HEALTH {"component": "navigation", "boot": "9d3f8ddfde8a4a91a3ee1e598f503937", "ready": true, "reason": "odom_joints_lasers_ready", "active": "IDLE", "sim_time": 157.566, "clock_progress_age_wall": 0.0}[0m
[task_manager-9] [0m[INFO] [1789312547.679867968] [task_manager]: FAILED:MISSION:manipulation:FAILED:TUCK_ARMS:torso:CONTROLLER_RESULT:6:-4:Aborted due to path tolerance violation[0m
[task_manager-9] [0m[INFO] [1789312548.877734594] [task_manager]: HEALTH {"component": "task", "boot": "532c318b82d44537a99b7482727aa170", "ready": true, "reason": "ready", "active": "FAILED", "sim_time": 158.02800000000002, "clock_progress_age_wall": 0.0}[0m
[manipulation_node-7] [0m[INFO] [1789312551.073880780] [manipulation_node]: HEALTH {"component": "manipulation", "boot": "8ac49ea4cf99464989b284deccadba21", "ready": true, "reason": "controllers_kinematics_joints_scene_ready", "active": "IDLE:IDLE", "sim_time": 158.82000000000002, "clock_progress_age_wall": 0.0}[0m
[perception_node-6] [0m[INFO] [1789312551.895654137] [perception_node]: HEALTH {"component": "perception", "boot": "fad6caa1d2f241ddb5a0dba012fab9cf", "ready": true, "reason": "RGBD_READY; BOOK:NO_SEGMENTED_DEPTH_CANDIDATE", "active": "BOOK:BOOK:NO_SEGMENTED_DEPTH_CANDIDATE", "sim_time": 159.126, "clock_progress_age_wall": 0.0}[0m
[task_manager-9] [0m[INFO] [1789312552.679864792] [task_manager]: FAILED:MISSION:manipulation:FAILED:TUCK_ARMS:torso:CONTROLLER_RESULT:6:-4:Aborted due to path tolerance violation[0m
[navigation_node-8] [0m[INFO] [1789312553.320653483] [navigation_node]: HEALTH {"component": "navigation", "boot": "9d3f8ddfde8a4a91a3ee1e598f503937", "ready": true, "reason": "odom_joints_lasers_ready", "active": "IDLE", "sim_time": 159.632, "clock_progress_age_wall": 0.0}[0m
[task_manager-9] [0m[INFO] [1789312554.627365137] [task_manager]: HEALTH {"component": "task", "boot": "532c318b82d44537a99b7482727aa170", "ready": true, "reason": "ready", "active": "FAILED", "sim_time": 160.11, "clock_progress_age_wall": 0.0}[0m
[manipulation_node-7] [0m[INFO] [1789312556.824680190] [manipulation_node]: HEALTH {"component": "manipulation", "boot": "8ac49ea4cf99464989b284deccadba21", "ready": true, "reason": "controllers_kinematics_joints_scene_ready", "active": "IDLE:IDLE", "sim_time": 160.888, "clock_progress_age_wall": 0.0}[0m
[perception_node-6] [0m[INFO] [1789312557.645631705] [perception_node]: HEALTH {"component": "perception", "boot": "fad6caa1d2f241ddb5a0dba012fab9cf", "ready": true, "reason": "RGBD_READY; BOOK:NO_SEGMENTED_DEPTH_CANDIDATE", "active": "BOOK:BOOK:NO_SEGMENTED_DEPTH_CANDIDATE", "sim_time": 161.198, "clock_progress_age_wall": 0.0}[0m
[task_manager-9] [0m[INFO] [1789312557.779148372] [task_manager]: FAILED:MISSION:manipulation:FAILED:TUCK_ARMS:torso:CONTROLLER_RESULT:6:-4:Aborted due to path tolerance violation[0m
[navigation_node-8] [0m[INFO] [1789312559.320268093] [navigation_node]: HEALTH {"component": "navigation", "boot": "9d3f8ddfde8a4a91a3ee1e598f503937", "ready": true, "reason": "odom_joints_lasers_ready", "active": "IDLE", "sim_time": 161.798, "clock_progress_age_wall": 0.0}[0m
[task_manager-9] [0m[INFO] [1789312560.376686708] [task_manager]: HEALTH {"component": "task", "boot": "532c318b82d44537a99b7482727aa170", "ready": true, "reason": "ready", "active": "FAILED", "sim_time": 162.15, "clock_progress_age_wall": 0.0}[0m
[manipulation_node-7] [0m[INFO] [1789312562.576334029] [manipulation_node]: HEALTH {"component": "manipulation", "boot": "8ac49ea4cf99464989b284deccadba21", "ready": true, "reason": "controllers_kinematics_joints_scene_ready", "active": "IDLE:IDLE", "sim_time": 162.99200000000002, "clock_progress_age_wall": 0.0}[0m
[task_manager-9] [0m[INFO] [1789312562.779532206] [task_manager]: FAILED:MISSION:manipulation:FAILED:TUCK_ARMS:torso:CONTROLLER_RESULT:6:-4:Aborted due to path tolerance violation[0m
[perception_node-6] [0m[INFO] [1789312563.895171337] [perception_node]: HEALTH {"component": "perception", "boot": "fad6caa1d2f241ddb5a0dba012fab9cf", "ready": true, "reason": "RGBD_READY; BOOK:NO_SEGMENTED_DEPTH_CANDIDATE", "active": "BOOK:BOOK:NO_SEGMENTED_DEPTH_CANDIDATE", "sim_time": 163.524, "clock_progress_age_wall": 0.0}[0m
[navigation_node-8] [0m[INFO] [1789312565.320453194] [navigation_node]: HEALTH {"component": "navigation", "boot": "9d3f8ddfde8a4a91a3ee1e598f503937", "ready": true, "reason": "odom_joints_lasers_ready", "active": "IDLE", "sim_time": 164.11200000000002, "clock_progress_age_wall": 0.0}[0m
[task_manager-9] [0m[INFO] [1789312566.376562045] [task_manager]: HEALTH {"component": "task", "boot": "532c318b82d44537a99b7482727aa170", "ready": true, "reason": "ready", "active": "FAILED", "sim_time": 164.532, "clock_progress_age_wall": 0.0}[0m
[task_manager-9] [0m[INFO] [1789312567.879034499] [task_manager]: FAILED:MISSION:manipulation:FAILED:TUCK_ARMS:torso:CONTROLLER_RESULT:6:-4:Aborted due to path tolerance violation[0m
[manipulation_node-7] [0m[INFO] [1789312568.323196091] [manipulation_node]: HEALTH {"component": "manipulation", "boot": "8ac49ea4cf99464989b284deccadba21", "ready": true, "reason": "controllers_kinematics_joints_scene_ready", "active": "IDLE:IDLE", "sim_time": 165.30200000000002, "clock_progress_age_wall": 0.0}[0m
[perception_node-6] [0m[INFO] [1789312569.894562053] [perception_node]: HEALTH {"component": "perception", "boot": "fad6caa1d2f241ddb5a0dba012fab9cf", "ready": true, "reason": "RGBD_READY; BOOK:NO_SEGMENTED_DEPTH_CANDIDATE", "active": "BOOK:BOOK:NO_SEGMENTED_DEPTH_CANDIDATE", "sim_time": 165.948, "clock_progress_age_wall": 0.0}[0m
[navigation_node-8] [0m[INFO] [1789312571.570140460] [navigation_node]: HEALTH {"component": "navigation", "boot": "9d3f8ddfde8a4a91a3ee1e598f503937", "ready": true, "reason": "odom_joints_lasers_ready", "active": "IDLE", "sim_time": 166.638, "clock_progress_age_wall": 0.0}[0m
[task_manager-9] [0m[INFO] [1789312572.127137900] [task_manager]: HEALTH {"component": "task", "boot": "532c318b82d44537a99b7482727aa170", "ready": true, "reason": "ready", "active": "FAILED", "sim_time": 166.85600000000002, "clock_progress_age_wall": 0.0}[0m
[task_manager-9] [0m[INFO] [1789312572.978709787] [task_manager]: FAILED:MISSION:manipulation:FAILED:TUCK_ARMS:torso:CONTROLLER_RESULT:6:-4:Aborted due to path tolerance violation[0m
[manipulation_node-7] [0m[INFO] [1789312573.824273225] [manipulation_node]: HEALTH {"component": "manipulation", "boot": "8ac49ea4cf99464989b284deccadba21", "ready": true, "reason": "controllers_kinematics_joints_scene_ready", "active": "IDLE:IDLE", "sim_time": 167.556, "clock_progress_age_wall": 0.0}[0m
[perception_node-6] [0m[INFO] [1789312575.644935009] [perception_node]: HEALTH {"component": "perception", "boot": "fad6caa1d2f241ddb5a0dba012fab9cf", "ready": true, "reason": "RGBD_READY; BOOK:NO_SEGMENTED_DEPTH_CANDIDATE", "active": "BOOK:BOOK:NO_SEGMENTED_DEPTH_CANDIDATE", "sim_time": 168.31, "clock_progress_age_wall": 0.0}[0m
[navigation_node-8] [0m[INFO] [1789312577.569544321] [navigation_node]: HEALTH {"component": "navigation", "boot": "9d3f8ddfde8a4a91a3ee1e598f503937", "ready": true, "reason": "odom_joints_lasers_ready", "active": "IDLE", "sim_time": 169.122, "clock_progress_age_wall": 0.0}[0m
[task_manager-9] [0m[INFO] [1789312578.078378217] [task_manager]: FAILED:MISSION:manipulation:FAILED:TUCK_ARMS:torso:CONTROLLER_RESULT:6:-4:Aborted due to path tolerance violation[0m
[task_manager-9] [0m[INFO] [1789312578.375966108] [task_manager]: HEALTH {"component": "task", "boot": "532c318b82d44537a99b7482727aa170", "ready": true, "reason": "ready", "active": "FAILED", "sim_time": 169.466, "clock_progress_age_wall": 0.0}[0m
[manipulation_node-7] [0m[INFO] [1789312579.573321622] [manipulation_node]: HEALTH {"component": "manipulation", "boot": "8ac49ea4cf99464989b284deccadba21", "ready": true, "reason": "controllers_kinematics_joints_scene_ready", "active": "IDLE:IDLE", "sim_time": 169.98000000000002, "clock_progress_age_wall": 0.0}[0m
[perception_node-6] [0m[INFO] [1789312581.394577124] [perception_node]: HEALTH {"component": "perception", "boot": "fad6caa1d2f241ddb5a0dba012fab9cf", "ready": true, "reason": "RGBD_READY; BOOK:NO_SEGMENTED_DEPTH_CANDIDATE", "active": "BOOK:BOOK:NO_SEGMENTED_DEPTH_CANDIDATE", "sim_time": 170.74, "clock_progress_age_wall": 0.0}[0m
[task_manager-9] [0m[INFO] [1789312583.079172798] [task_manager]: FAILED:MISSION:manipulation:FAILED:TUCK_ARMS:torso:CONTROLLER_RESULT:6:-4:Aborted due to path tolerance violation[0m
[navigation_node-8] [0m[INFO] [1789312583.819772017] [navigation_node]: HEALTH {"component": "navigation", "boot": "9d3f8ddfde8a4a91a3ee1e598f503937", "ready": true, "reason": "odom_joints_lasers_ready", "active": "IDLE", "sim_time": 171.758, "clock_progress_age_wall": 0.0}[0m
[task_manager-9] [0m[INFO] [1789312584.375721450] [task_manager]: HEALTH {"component": "task", "boot": "532c318b82d44537a99b7482727aa170", "ready": true, "reason": "ready", "active": "FAILED", "sim_time": 171.99200000000002, "clock_progress_age_wall": 0.0}[0m
[manipulation_node-7] [0m[INFO] [1789312585.324464445] [manipulation_node]: HEALTH {"component": "manipulation", "boot": "8ac49ea4cf99464989b284deccadba21", "ready": true, "reason": "controllers_kinematics_joints_scene_ready", "active": "IDLE:IDLE", "sim_time": 172.37800000000001, "clock_progress_age_wall": 0.0}[0m
[perception_node-6] [0m[INFO] [1789312587.394173619] [perception_node]: HEALTH {"component": "perception", "boot": "fad6caa1d2f241ddb5a0dba012fab9cf", "ready": true, "reason": "RGBD_READY; BOOK:NO_SEGMENTED_DEPTH_CANDIDATE", "active": "BOOK:BOOK:NO_SEGMENTED_DEPTH_CANDIDATE", "sim_time": 173.24200000000002, "clock_progress_age_wall": 0.0}[0m
[task_manager-9] [0m[INFO] [1789312588.178203576] [task_manager]: FAILED:MISSION:manipulation:FAILED:TUCK_ARMS:torso:CONTROLLER_RESULT:6:-4:Aborted due to path tolerance violation[0m
[navigation_node-8] [0m[INFO] [1789312589.819509876] [navigation_node]: HEALTH {"component": "navigation", "boot": "9d3f8ddfde8a4a91a3ee1e598f503937", "ready": true, "reason": "odom_joints_lasers_ready", "active": "IDLE", "sim_time": 174.282, "clock_progress_age_wall": 0.0}[0m
[task_manager-9] [0m[INFO] [1789312590.125578221] [task_manager]: HEALTH {"component": "task", "boot": "532c318b82d44537a99b7482727aa170", "ready": true, "reason": "ready", "active": "FAILED", "sim_time": 174.406, "clock_progress_age_wall": 0.0}[0m
[manipulation_node-7] [0m[INFO] [1789312591.322559113] [manipulation_node]: HEALTH {"component": "manipulation", "boot": "8ac49ea4cf99464989b284deccadba21", "ready": true, "reason": "controllers_kinematics_joints_scene_ready", "active": "IDLE:IDLE", "sim_time": 174.9, "clock_progress_age_wall": 0.0}[0m
[perception_node-6] [0m[INFO] [1789312593.144647795] [perception_node]: HEALTH {"component": "perception", "boot": "fad6caa1d2f241ddb5a0dba012fab9cf", "ready": true, "reason": "RGBD_READY; BOOK:NO_SEGMENTED_DEPTH_CANDIDATE", "active": "BOOK:BOOK:NO_SEGMENTED_DEPTH_CANDIDATE", "sim_time": 175.656, "clock_progress_age_wall": 0.0}[0m
[task_manager-9] [0m[INFO] [1789312593.178269412] [task_manager]: FAILED:MISSION:manipulation:FAILED:TUCK_ARMS:torso:CONTROLLER_RESULT:6:-4:Aborted due to path tolerance violation[0m
[navigation_node-8] [0m[INFO] [1789312595.818803439] [navigation_node]: HEALTH {"component": "navigation", "boot": "9d3f8ddfde8a4a91a3ee1e598f503937", "ready": true, "reason": "odom_joints_lasers_ready", "active": "IDLE", "sim_time": 176.788, "clock_progress_age_wall": 0.0}[0m
[task_manager-9] [0m[INFO] [1789312596.125859149] [task_manager]: HEALTH {"component": "task", "boot": "532c318b82d44537a99b7482727aa170", "ready": true, "reason": "ready", "active": "FAILED", "sim_time": 176.922, "clock_progress_age_wall": 0.0}[0m
[manipulation_node-7] [0m[INFO] [1789312597.073288970] [manipulation_node]: HEALTH {"component": "manipulation", "boot": "8ac49ea4cf99464989b284deccadba21", "ready": true, "reason": "controllers_kinematics_joints_scene_ready", "active": "IDLE:IDLE", "sim_time": 177.328, "clock_progress_age_wall": 0.0}[0m
[task_manager-9] [0m[INFO] [1789312598.277927902] [task_manager]: FAILED:MISSION:manipulation:FAILED:TUCK_ARMS:torso:CONTROLLER_RESULT:6:-4:Aborted due to path tolerance violation[0m
[perception_node-6] [0m[INFO] [1789312598.893619383] [perception_node]: HEALTH {"component": "perception", "boot": "fad6caa1d2f241ddb5a0dba012fab9cf", "ready": true, "reason": "RGBD_READY; BOOK:NO_SEGMENTED_DEPTH_CANDIDATE", "active": "BOOK:BOOK:NO_SEGMENTED_DEPTH_CANDIDATE", "sim_time": 178.08800000000002, "clock_progress_age_wall": 0.0}[0m
[task_manager-9] [0m[INFO] [1789312601.126378466] [task_manager]: HEALTH {"component": "task", "boot": "532c318b82d44537a99b7482727aa170", "ready": true, "reason": "ready", "active": "FAILED", "sim_time": 179.03400000000002, "clock_progress_age_wall": 0.0}[0m
[navigation_node-8] [0m[INFO] [1789312601.569295829] [navigation_node]: HEALTH {"component": "navigation", "boot": "9d3f8ddfde8a4a91a3ee1e598f503937", "ready": true, "reason": "odom_joints_lasers_ready", "active": "IDLE", "sim_time": 179.21800000000002, "clock_progress_age_wall": 0.0}[0m
[manipulation_node-7] [0m[INFO] [1789312603.072043921] [manipulation_node]: HEALTH {"component": "manipulation", "boot": "8ac49ea4cf99464989b284deccadba21", "ready": true, "reason": "controllers_kinematics_joints_scene_ready", "active": "IDLE:IDLE", "sim_time": 179.792, "clock_progress_age_wall": 0.0}[0m
[task_manager-9] [0m[INFO] [1789312603.377649354] [task_manager]: FAILED:MISSION:manipulation:FAILED:TUCK_ARMS:torso:CONTROLLER_RESULT:6:-4:Aborted due to path tolerance violation[0m
[perception_node-6] [0m[INFO] [1789312604.643576926] [perception_node]: HEALTH {"component": "perception", "boot": "fad6caa1d2f241ddb5a0dba012fab9cf", "ready": true, "reason": "RGBD_READY; BOOK:NO_SEGMENTED_DEPTH_CANDIDATE", "active": "BOOK:BOOK:NO_SEGMENTED_DEPTH_CANDIDATE", "sim_time": 180.39600000000002, "clock_progress_age_wall": 0.0}[0m
[task_manager-9] [0m[INFO] [1789312606.625129729] [task_manager]: HEALTH {"component": "task", "boot": "532c318b82d44537a99b7482727aa170", "ready": true, "reason": "ready", "active": "FAILED", "sim_time": 181.13400000000001, "clock_progress_age_wall": 0.0}[0m
[navigation_node-8] [0m[INFO] [1789312607.818388837] [navigation_node]: HEALTH {"component": "navigation", "boot": "9d3f8ddfde8a4a91a3ee1e598f503937", "ready": true, "reason": "odom_joints_lasers_ready", "active": "IDLE", "sim_time": 181.58800000000002, "clock_progress_age_wall": 0.0}[0m
[task_manager-9] [0m[INFO] [1789312608.377782483] [task_manager]: FAILED:MISSION:manipulation:FAILED:TUCK_ARMS:torso:CONTROLLER_RESULT:6:-4:Aborted due to path tolerance violation[0m
[manipulation_node-7] [0m[INFO] [1789312609.072592483] [manipulation_node]: HEALTH {"component": "manipulation", "boot": "8ac49ea4cf99464989b284deccadba21", "ready": true, "reason": "controllers_kinematics_joints_scene_ready", "active": "IDLE:IDLE", "sim_time": 182.056, "clock_progress_age_wall": 0.0}[0m
[perception_node-6] [0m[INFO] [1789312610.893361207] [perception_node]: HEALTH {"component": "perception", "boot": "fad6caa1d2f241ddb5a0dba012fab9cf", "ready": true, "reason": "RGBD_READY; BOOK:NO_SEGMENTED_DEPTH_CANDIDATE", "active": "BOOK:BOOK:NO_SEGMENTED_DEPTH_CANDIDATE", "sim_time": 182.758, "clock_progress_age_wall": 0.0}[0m
[task_manager-9] [0m[INFO] [1789312612.375252337] [task_manager]: HEALTH {"component": "task", "boot": "532c318b82d44537a99b7482727aa170", "ready": true, "reason": "ready", "active": "FAILED", "sim_time": 183.288, "clock_progress_age_wall": 0.0}[0m
[task_manager-9] [0m[INFO] [1789312613.477389362] [task_manager]: FAILED:MISSION:manipulation:FAILED:TUCK_ARMS:torso:CONTROLLER_RESULT:6:-4:Aborted due to path tolerance violation[0m
[navigation_node-8] [0m[INFO] [1789312613.568913091] [navigation_node]: HEALTH {"component": "navigation", "boot": "9d3f8ddfde8a4a91a3ee1e598f503937", "ready": true, "reason": "odom_joints_lasers_ready", "active": "IDLE", "sim_time": 183.75400000000002, "clock_progress_age_wall": 0.0}[0m
[manipulation_node-7] [0m[INFO] [1789312614.821788527] [manipulation_node]: HEALTH {"component": "manipulation", "boot": "8ac49ea4cf99464989b284deccadba21", "ready": true, "reason": "controllers_kinematics_joints_scene_ready", "active": "IDLE:IDLE", "sim_time": 184.258, "clock_progress_age_wall": 0.0}[0m
[perception_node-6] [0m[INFO] [1789312616.143042197] [perception_node]: HEALTH {"component": "perception", "boot": "fad6caa1d2f241ddb5a0dba012fab9cf", "ready": true, "reason": "RGBD_READY; BOOK:NO_SEGMENTED_DEPTH_CANDIDATE", "active": "BOOK:BOOK:NO_SEGMENTED_DEPTH_CANDIDATE", "sim_time": 184.77, "clock_progress_age_wall": 0.0}[0m
[task_manager-9] [0m[INFO] [1789312618.577193828] [task_manager]: FAILED:MISSION:manipulation:FAILED:TUCK_ARMS:torso:CONTROLLER_RESULT:6:-4:Aborted due to path tolerance violation[0m
[task_manager-9] [0m[INFO] [1789312618.624485380] [task_manager]: HEALTH {"component": "task", "boot": "532c318b82d44537a99b7482727aa170", "ready": true, "reason": "ready", "active": "FAILED", "sim_time": 185.762, "clock_progress_age_wall": 0.0}[0m
[navigation_node-8] [0m[INFO] [1789312619.568269986] [navigation_node]: HEALTH {"component": "navigation", "boot": "9d3f8ddfde8a4a91a3ee1e598f503937", "ready": true, "reason": "odom_joints_lasers_ready", "active": "IDLE", "sim_time": 186.14200000000002, "clock_progress_age_wall": 0.0}[0m
[manipulation_node-7] [0m[INFO] [1789312620.321128792] [manipulation_node]: HEALTH {"component": "manipulation", "boot": "8ac49ea4cf99464989b284deccadba21", "ready": true, "reason": "controllers_kinematics_joints_scene_ready", "active": "IDLE:IDLE", "sim_time": 186.43200000000002, "clock_progress_age_wall": 0.0}[0m
[perception_node-6] [0m[INFO] [1789312621.893448583] [perception_node]: HEALTH {"component": "perception", "boot": "fad6caa1d2f241ddb5a0dba012fab9cf", "ready": true, "reason": "RGBD_READY; BOOK:NO_SEGMENTED_DEPTH_CANDIDATE", "active": "BOOK:BOOK:NO_SEGMENTED_DEPTH_CANDIDATE", "sim_time": 187.06, "clock_progress_age_wall": 0.0}[0m
[task_manager-9] [0m[INFO] [1789312623.677291625] [task_manager]: FAILED:MISSION:manipulation:FAILED:TUCK_ARMS:torso:CONTROLLER_RESULT:6:-4:Aborted due to path tolerance violation[0m
[task_manager-9] [0m[INFO] [1789312624.374289530] [task_manager]: HEALTH {"component": "task", "boot": "532c318b82d44537a99b7482727aa170", "ready": true, "reason": "ready", "active": "FAILED", "sim_time": 187.984, "clock_progress_age_wall": 0.0}[0m
[navigation_node-8] [0m[INFO] [1789312625.067591177] [navigation_node]: HEALTH {"component": "navigation", "boot": "9d3f8ddfde8a4a91a3ee1e598f503937", "ready": true, "reason": "odom_joints_lasers_ready", "active": "IDLE", "sim_time": 188.23600000000002, "clock_progress_age_wall": 0.0}[0m
[manipulation_node-7] [0m[INFO] [1789312626.072086207] [manipulation_node]: HEALTH {"component": "manipulation", "boot": "8ac49ea4cf99464989b284deccadba21", "ready": true, "reason": "controllers_kinematics_joints_scene_ready", "active": "IDLE:IDLE", "sim_time": 188.572, "clock_progress_age_wall": 0.0}[0m
[perception_node-6] [0m[INFO] [1789312627.893012777] [perception_node]: HEALTH {"component": "perception", "boot": "fad6caa1d2f241ddb5a0dba012fab9cf", "ready": true, "reason": "RGBD_READY; BOOK:NO_SEGMENTED_DEPTH_CANDIDATE", "active": "BOOK:BOOK:NO_SEGMENTED_DEPTH_CANDIDATE", "sim_time": 189.22, "clock_progress_age_wall": 0.0}[0m
[task_manager-9] [0m[INFO] [1789312628.776553908] [task_manager]: FAILED:MISSION:manipulation:FAILED:TUCK_ARMS:torso:CONTROLLER_RESULT:6:-4:Aborted due to path tolerance violation[0m
[task_manager-9] [0m[INFO] [1789312629.874005459] [task_manager]: HEALTH {"component": "task", "boot": "532c318b82d44537a99b7482727aa170", "ready": true, "reason": "ready", "active": "FAILED", "sim_time": 189.948, "clock_progress_age_wall": 0.0}[0m
[navigation_node-8] [0m[INFO] [1789312630.817633489] [navigation_node]: HEALTH {"component": "navigation", "boot": "9d3f8ddfde8a4a91a3ee1e598f503937", "ready": true, "reason": "odom_joints_lasers_ready", "active": "IDLE", "sim_time": 190.304, "clock_progress_age_wall": 0.0}[0m
[manipulation_node-7] [0m[INFO] [1789312631.822611501] [manipulation_node]: HEALTH {"component": "manipulation", "boot": "8ac49ea4cf99464989b284deccadba21", "ready": true, "reason": "controllers_kinematics_joints_scene_ready", "active": "IDLE:IDLE", "sim_time": 190.67800000000003, "clock_progress_age_wall": 0.0}[0m
[perception_node-6] [0m[INFO] [1789312633.642218108] [perception_node]: HEALTH {"component": "perception", "boot": "fad6caa1d2f241ddb5a0dba012fab9cf", "ready": true, "reason": "RGBD_READY; BOOK:NO_SEGMENTED_DEPTH_CANDIDATE", "active": "BOOK:BOOK:NO_SEGMENTED_DEPTH_CANDIDATE", "sim_time": 191.328, "clock_progress_age_wall": 0.0}[0m
[task_manager-9] [0m[INFO] [1789312633.876355555] [task_manager]: FAILED:MISSION:manipulation:FAILED:TUCK_ARMS:torso:CONTROLLER_RESULT:6:-4:Aborted due to path tolerance violation[0m
[task_manager-9] [0m[INFO] [1789312635.873830478] [task_manager]: HEALTH {"component": "task", "boot": "532c318b82d44537a99b7482727aa170", "ready": true, "reason": "ready", "active": "FAILED", "sim_time": 192.13400000000001, "clock_progress_age_wall": 0.0}[0m
[navigation_node-8] [0m[INFO] [1789312636.817691868] [navigation_node]: HEALTH {"component": "navigation", "boot": "9d3f8ddfde8a4a91a3ee1e598f503937", "ready": true, "reason": "odom_joints_lasers_ready", "active": "IDLE", "sim_time": 192.496, "clock_progress_age_wall": 0.0}[0m
[manipulation_node-7] [0m[INFO] [1789312637.823530163] [manipulation_node]: HEALTH {"component": "manipulation", "boot": "8ac49ea4cf99464989b284deccadba21", "ready": true, "reason": "controllers_kinematics_joints_scene_ready", "active": "IDLE:IDLE", "sim_time": 192.858, "clock_progress_age_wall": 0.0}[0m
[task_manager-9] [0m[INFO] [1789312638.976207176] [task_manager]: FAILED:MISSION:manipulation:FAILED:TUCK_ARMS:torso:CONTROLLER_RESULT:6:-4:Aborted due to path tolerance violation[0m
[perception_node-6] [0m[INFO] [1789312639.392529727] [perception_node]: HEALTH {"component": "perception", "boot": "fad6caa1d2f241ddb5a0dba012fab9cf", "ready": true, "reason": "RGBD_READY; BOOK:NO_SEGMENTED_DEPTH_CANDIDATE", "active": "BOOK:BOOK:NO_SEGMENTED_DEPTH_CANDIDATE", "sim_time": 193.41600000000003, "clock_progress_age_wall": 0.0}[0m
[task_manager-9] [0m[INFO] [1789312641.623688983] [task_manager]: HEALTH {"component": "task", "boot": "532c318b82d44537a99b7482727aa170", "ready": true, "reason": "ready", "active": "FAILED", "sim_time": 194.222, "clock_progress_age_wall": 0.0}[0m
[navigation_node-8] [0m[INFO] [1789312642.567000077] [navigation_node]: HEALTH {"component": "navigation", "boot": "9d3f8ddfde8a4a91a3ee1e598f503937", "ready": true, "reason": "odom_joints_lasers_ready", "active": "IDLE", "sim_time": 194.58200000000002, "clock_progress_age_wall": 0.0}[0m
[manipulation_node-7] [0m[INFO] [1789312643.820960320] [manipulation_node]: HEALTH {"component": "manipulation", "boot": "8ac49ea4cf99464989b284deccadba21", "ready": true, "reason": "controllers_kinematics_joints_scene_ready", "active": "IDLE:IDLE", "sim_time": 195.096, "clock_progress_age_wall": 0.0}[0m
[task_manager-9] [0m[INFO] [1789312644.076065668] [task_manager]: FAILED:MISSION:manipulation:FAILED:TUCK_ARMS:torso:CONTROLLER_RESULT:6:-4:Aborted due to path tolerance violation[0m
[perception_node-6] [0m[INFO] [1789312644.892379893] [perception_node]: HEALTH {"component": "perception", "boot": "fad6caa1d2f241ddb5a0dba012fab9cf", "ready": true, "reason": "RGBD_READY; BOOK:NO_SEGMENTED_DEPTH_CANDIDATE", "active": "BOOK:BOOK:NO_SEGMENTED_DEPTH_CANDIDATE", "sim_time": 195.50400000000002, "clock_progress_age_wall": 0.0}[0m
[task_manager-9] [0m[INFO] [1789312647.623328400] [task_manager]: HEALTH {"component": "task", "boot": "532c318b82d44537a99b7482727aa170", "ready": true, "reason": "ready", "active": "FAILED", "sim_time": 196.592, "clock_progress_age_wall": 0.0}[0m
[navigation_node-8] [0m[INFO] [1789312648.067198300] [navigation_node]: HEALTH {"component": "navigation", "boot": "9d3f8ddfde8a4a91a3ee1e598f503937", "ready": true, "reason": "odom_joints_lasers_ready", "active": "IDLE", "sim_time": 196.774, "clock_progress_age_wall": 0.0}[0m
[task_manager-9] [0m[INFO] [1789312649.175820179] [task_manager]: FAILED:MISSION:manipulation:FAILED:TUCK_ARMS:torso:CONTROLLER_RESULT:6:-4:Aborted due to path tolerance violation[0m
[manipulation_node-7] [0m[INFO] [1789312649.820109488] [manipulation_node]: HEALTH {"component": "manipulation", "boot": "8ac49ea4cf99464989b284deccadba21", "ready": true, "reason": "controllers_kinematics_joints_scene_ready", "active": "IDLE:IDLE", "sim_time": 197.5, "clock_progress_age_wall": 0.0}[0m
[perception_node-6] [0m[INFO] [1789312650.392254657] [perception_node]: HEALTH {"component": "perception", "boot": "fad6caa1d2f241ddb5a0dba012fab9cf", "ready": true, "reason": "RGBD_READY; BOOK:NO_SEGMENTED_DEPTH_CANDIDATE", "active": "BOOK:BOOK:NO_SEGMENTED_DEPTH_CANDIDATE", "sim_time": 197.73000000000002, "clock_progress_age_wall": 0.0}[0m
[task_manager-9] [0m[INFO] [1789312653.373177806] [task_manager]: HEALTH {"component": "task", "boot": "532c318b82d44537a99b7482727aa170", "ready": true, "reason": "ready", "active": "FAILED", "sim_time": 198.966, "clock_progress_age_wall": 0.0}[0m
[navigation_node-8] [0m[INFO] [1789312653.816633690] [navigation_node]: HEALTH {"component": "navigation", "boot": "9d3f8ddfde8a4a91a3ee1e598f503937", "ready": true, "reason": "odom_joints_lasers_ready", "active": "IDLE", "sim_time": 199.15400000000002, "clock_progress_age_wall": 0.0}[0m
[task_manager-9] [0m[INFO] [1789312654.175909274] [task_manager]: FAILED:MISSION:manipulation:FAILED:TUCK_ARMS:torso:CONTROLLER_RESULT:6:-4:Aborted due to path tolerance violation[0m
[manipulation_node-7] [0m[INFO] [1789312655.821512526] [manipulation_node]: HEALTH {"component": "manipulation", "boot": "8ac49ea4cf99464989b284deccadba21", "ready": true, "reason": "controllers_kinematics_joints_scene_ready", "active": "IDLE:IDLE", "sim_time": 199.982, "clock_progress_age_wall": 0.0}[0m
[perception_node-6] [0m[INFO] [1789312656.142026003] [perception_node]: HEALTH {"component": "perception", "boot": "fad6caa1d2f241ddb5a0dba012fab9cf", "ready": true, "reason": "RGBD_READY; BOOK:NO_SEGMENTED_DEPTH_CANDIDATE", "active": "BOOK:BOOK:NO_SEGMENTED_DEPTH_CANDIDATE", "sim_time": 200.116, "clock_progress_age_wall": 0.0}[0m
[task_manager-9] [0m[INFO] [1789312658.872952522] [task_manager]: HEALTH {"component": "task", "boot": "532c318b82d44537a99b7482727aa170", "ready": true, "reason": "ready", "active": "FAILED", "sim_time": 201.21200000000002, "clock_progress_age_wall": 0.0}[0m
[task_manager-9] [0m[INFO] [1789312659.275394549] [task_manager]: FAILED:MISSION:manipulation:FAILED:TUCK_ARMS:torso:CONTROLLER_RESULT:6:-4:Aborted due to path tolerance violation[0m
[navigation_node-8] [0m[INFO] [1789312659.567408239] [navigation_node]: HEALTH {"component": "navigation", "boot": "9d3f8ddfde8a4a91a3ee1e598f503937", "ready": true, "reason": "odom_joints_lasers_ready", "active": "IDLE", "sim_time": 201.508, "clock_progress_age_wall": 0.0}[0m
[manipulation_node-7] [0m[INFO] [1789312661.569358647] [manipulation_node]: HEALTH {"component": "manipulation", "boot": "8ac49ea4cf99464989b284deccadba21", "ready": true, "reason": "controllers_kinematics_joints_scene_ready", "active": "IDLE:IDLE", "sim_time": 202.348, "clock_progress_age_wall": 0.0}[0m
[perception_node-6] [0m[INFO] [1789312662.143727437] [perception_node]: HEALTH {"component": "perception", "boot": "fad6caa1d2f241ddb5a0dba012fab9cf", "ready": true, "reason": "RGBD_READY; BOOK:NO_SEGMENTED_DEPTH_CANDIDATE", "active": "BOOK:BOOK:NO_SEGMENTED_DEPTH_CANDIDATE", "sim_time": 202.592, "clock_progress_age_wall": 0.0}[0m
[task_manager-9] [0m[INFO] [1789312664.275737954] [task_manager]: FAILED:MISSION:manipulation:FAILED:TUCK_ARMS:torso:CONTROLLER_RESULT:6:-4:Aborted due to path tolerance violation[0m
[task_manager-9] [0m[INFO] [1789312664.372824582] [task_manager]: HEALTH {"component": "task", "boot": "532c318b82d44537a99b7482727aa170", "ready": true, "reason": "ready", "active": "FAILED", "sim_time": 203.53, "clock_progress_age_wall": 0.0}[0m
[navigation_node-8] [0m[INFO] [1789312664.567478366] [navigation_node]: HEALTH {"component": "navigation", "boot": "9d3f8ddfde8a4a91a3ee1e598f503937", "ready": true, "reason": "odom_joints_lasers_ready", "active": "IDLE", "sim_time": 203.614, "clock_progress_age_wall": 0.0}[0m
[manipulation_node-7] [0m[INFO] [1789312667.570927321] [manipulation_node]: HEALTH {"component": "manipulation", "boot": "8ac49ea4cf99464989b284deccadba21", "ready": true, "reason": "controllers_kinematics_joints_scene_ready", "active": "IDLE:IDLE", "sim_time": 204.824, "clock_progress_age_wall": 0.0}[0m
[perception_node-6] [0m[INFO] [1789312667.892984038] [perception_node]: HEALTH {"component": "perception", "boot": "fad6caa1d2f241ddb5a0dba012fab9cf", "ready": true, "reason": "RGBD_READY; BOOK:NO_SEGMENTED_DEPTH_CANDIDATE", "active": "BOOK:BOOK:NO_SEGMENTED_DEPTH_CANDIDATE", "sim_time": 204.94600000000003, "clock_progress_age_wall": 0.0}[0m
[task_manager-9] [0m[INFO] [1789312669.375171660] [task_manager]: FAILED:MISSION:manipulation:FAILED:TUCK_ARMS:torso:CONTROLLER_RESULT:6:-4:Aborted due to path tolerance violation[0m
[navigation_node-8] [0m[INFO] [1789312670.316303723] [navigation_node]: HEALTH {"component": "navigation", "boot": "9d3f8ddfde8a4a91a3ee1e598f503937", "ready": true, "reason": "odom_joints_lasers_ready", "active": "IDLE", "sim_time": 205.89000000000001, "clock_progress_age_wall": 0.0}[0m
[task_manager-9] [0m[INFO] [1789312670.372119022] [task_manager]: HEALTH {"component": "task", "boot": "532c318b82d44537a99b7482727aa170", "ready": true, "reason": "ready", "active": "FAILED", "sim_time": 205.912, "clock_progress_age_wall": 0.0}[0m
[manipulation_node-7] [0m[INFO] [1789312673.320288181] [manipulation_node]: HEALTH {"component": "manipulation", "boot": "8ac49ea4cf99464989b284deccadba21", "ready": true, "reason": "controllers_kinematics_joints_scene_ready", "active": "IDLE:IDLE", "sim_time": 207.07000000000002, "clock_progress_age_wall": 0.0}[0m
[perception_node-6] [0m[INFO] [1789312673.641156310] [perception_node]: HEALTH {"component": "perception", "boot": "fad6caa1d2f241ddb5a0dba012fab9cf", "ready": true, "reason": "RGBD_READY; BOOK:NO_SEGMENTED_DEPTH_CANDIDATE", "active": "BOOK:BOOK:NO_SEGMENTED_DEPTH_CANDIDATE", "sim_time": 207.19600000000003, "clock_progress_age_wall": 0.0}[0m
[task_manager-9] [0m[INFO] [1789312674.474868289] [task_manager]: FAILED:MISSION:manipulation:FAILED:TUCK_ARMS:torso:CONTROLLER_RESULT:6:-4:Aborted due to path tolerance violation[0m
[task_manager-9] [0m[INFO] [1789312675.872644126] [task_manager]: HEALTH {"component": "task", "boot": "532c318b82d44537a99b7482727aa170", "ready": true, "reason": "ready", "active": "FAILED", "sim_time": 208.00400000000002, "clock_progress_age_wall": 0.0}[0m
[navigation_node-8] [0m[INFO] [1789312676.066244534] [navigation_node]: HEALTH {"component": "navigation", "boot": "9d3f8ddfde8a4a91a3ee1e598f503937", "ready": true, "reason": "odom_joints_lasers_ready", "active": "IDLE", "sim_time": 208.07600000000002, "clock_progress_age_wall": 0.0}[0m
[manipulation_node-7] [0m[INFO] [1789312679.068720458] [manipulation_node]: HEALTH {"component": "manipulation", "boot": "8ac49ea4cf99464989b284deccadba21", "ready": true, "reason": "controllers_kinematics_joints_scene_ready", "active": "IDLE:IDLE", "sim_time": 209.27200000000002, "clock_progress_age_wall": 0.0}[0m
[perception_node-6] [0m[INFO] [1789312679.140853253] [perception_node]: HEALTH {"component": "perception", "boot": "fad6caa1d2f241ddb5a0dba012fab9cf", "ready": true, "reason": "RGBD_READY; BOOK:NO_SEGMENTED_DEPTH_CANDIDATE", "active": "BOOK:BOOK:NO_SEGMENTED_DEPTH_CANDIDATE", "sim_time": 209.304, "clock_progress_age_wall": 0.0}[0m
[task_manager-9] [0m[INFO] [1789312679.474776145] [task_manager]: FAILED:MISSION:manipulation:FAILED:TUCK_ARMS:torso:CONTROLLER_RESULT:6:-4:Aborted due to path tolerance violation[0m
[task_manager-9] [0m[INFO] [1789312681.871755526] [task_manager]: HEALTH {"component": "task", "boot": "532c318b82d44537a99b7482727aa170", "ready": true, "reason": "ready", "active": "FAILED", "sim_time": 210.23600000000002, "clock_progress_age_wall": 0.0}[0m
[navigation_node-8] [0m[INFO] [1789312682.065440601] [navigation_node]: HEALTH {"component": "navigation", "boot": "9d3f8ddfde8a4a91a3ee1e598f503937", "ready": true, "reason": "odom_joints_lasers_ready", "active": "IDLE", "sim_time": 210.30800000000002, "clock_progress_age_wall": 0.0}[0m
[manipulation_node-7] [0m[INFO] [1789312684.319321158] [manipulation_node]: HEALTH {"component": "manipulation", "boot": "8ac49ea4cf99464989b284deccadba21", "ready": true, "reason": "controllers_kinematics_joints_scene_ready", "active": "IDLE:IDLE", "sim_time": 211.11800000000002, "clock_progress_age_wall": 0.0}[0m
[task_manager-9] [0m[INFO] [1789312684.574528966] [task_manager]: FAILED:MISSION:manipulation:FAILED:TUCK_ARMS:torso:CONTROLLER_RESULT:6:-4:Aborted due to path tolerance violation[0m
[perception_node-6] [0m[INFO] [1789312684.640906214] [perception_node]: HEALTH {"component": "perception", "boot": "fad6caa1d2f241ddb5a0dba012fab9cf", "ready": true, "reason": "RGBD_READY; BOOK:NO_SEGMENTED_DEPTH_CANDIDATE", "active": "BOOK:BOOK:NO_SEGMENTED_DEPTH_CANDIDATE", "sim_time": 211.24, "clock_progress_age_wall": 0.0}[0m
[navigation_node-8] [0m[INFO] [1789312687.566087784] [navigation_node]: HEALTH {"component": "navigation", "boot": "9d3f8ddfde8a4a91a3ee1e598f503937", "ready": true, "reason": "odom_joints_lasers_ready", "active": "IDLE", "sim_time": 212.3, "clock_progress_age_wall": 0.0}[0m
[task_manager-9] [0m[INFO] [1789312687.622078510] [task_manager]: HEALTH {"component": "task", "boot": "532c318b82d44537a99b7482727aa170", "ready": true, "reason": "ready", "active": "FAILED", "sim_time": 212.322, "clock_progress_age_wall": 0.0}[0m
[task_manager-9] [0m[INFO] [1789312689.674383574] [task_manager]: FAILED:MISSION:manipulation:FAILED:TUCK_ARMS:torso:CONTROLLER_RESULT:6:-4:Aborted due to path tolerance violation[0m
[manipulation_node-7] [0m[INFO] [1789312690.069898816] [manipulation_node]: HEALTH {"component": "manipulation", "boot": "8ac49ea4cf99464989b284deccadba21", "ready": true, "reason": "controllers_kinematics_joints_scene_ready", "active": "IDLE:IDLE", "sim_time": 213.20200000000003, "clock_progress_age_wall": 0.0}[0m
[perception_node-6] [0m[INFO] [1789312690.640597768] [perception_node]: HEALTH {"component": "perception", "boot": "fad6caa1d2f241ddb5a0dba012fab9cf", "ready": true, "reason": "RGBD_READY; BOOK:NO_SEGMENTED_DEPTH_CANDIDATE", "active": "BOOK:BOOK:NO_SEGMENTED_DEPTH_CANDIDATE", "sim_time": 213.40800000000002, "clock_progress_age_wall": 0.0}[0m
[navigation_node-8] [0m[INFO] [1789312693.567921473] [navigation_node]: HEALTH {"component": "navigation", "boot": "9d3f8ddfde8a4a91a3ee1e598f503937", "ready": true, "reason": "odom_joints_lasers_ready", "active": "IDLE", "sim_time": 214.5, "clock_progress_age_wall": 0.0}[0m
[task_manager-9] [0m[INFO] [1789312693.621973239] [task_manager]: HEALTH {"component": "task", "boot": "532c318b82d44537a99b7482727aa170", "ready": true, "reason": "ready", "active": "FAILED", "sim_time": 214.52200000000002, "clock_progress_age_wall": 0.0}[0m
[task_manager-9] [0m[INFO] [1789312694.774095587] [task_manager]: FAILED:MISSION:manipulation:FAILED:TUCK_ARMS:torso:CONTROLLER_RESULT:6:-4:Aborted due to path tolerance violation[0m
[manipulation_node-7] [0m[INFO] [1789312696.318698672] [manipulation_node]: HEALTH {"component": "manipulation", "boot": "8ac49ea4cf99464989b284deccadba21", "ready": true, "reason": "controllers_kinematics_joints_scene_ready", "active": "IDLE:IDLE", "sim_time": 215.60600000000002, "clock_progress_age_wall": 0.0}[0m
[perception_node-6] [0m[INFO] [1789312696.640454446] [perception_node]: HEALTH {"component": "perception", "boot": "fad6caa1d2f241ddb5a0dba012fab9cf", "ready": true, "reason": "RGBD_READY; BOOK:NO_SEGMENTED_DEPTH_CANDIDATE", "active": "BOOK:BOOK:NO_SEGMENTED_DEPTH_CANDIDATE", "sim_time": 215.728, "clock_progress_age_wall": 0.0}[0m
[navigation_node-8] [0m[INFO] [1789312699.565334478] [navigation_node]: HEALTH {"component": "navigation", "boot": "9d3f8ddfde8a4a91a3ee1e598f503937", "ready": true, "reason": "odom_joints_lasers_ready", "active": "IDLE", "sim_time": 216.89200000000002, "clock_progress_age_wall": 0.0}[0m
[task_manager-9] [0m[INFO] [1789312699.871102357] [task_manager]: HEALTH {"component": "task", "boot": "532c318b82d44537a99b7482727aa170", "ready": true, "reason": "ready", "active": "FAILED", "sim_time": 217.024, "clock_progress_age_wall": 0.0}[0m
[task_manager-9] [0m[INFO] [1789312699.873464455] [task_manager]: FAILED:MISSION:manipulation:FAILED:TUCK_ARMS:torso:CONTROLLER_RESULT:6:-4:Aborted due to path tolerance violation[0m
[manipulation_node-7] [0m[INFO] [1789312701.818770454] [manipulation_node]: HEALTH {"component": "manipulation", "boot": "8ac49ea4cf99464989b284deccadba21", "ready": true, "reason": "controllers_kinematics_joints_scene_ready", "active": "IDLE:IDLE", "sim_time": 217.828, "clock_progress_age_wall": 0.0}[0m
[perception_node-6] [0m[INFO] [1789312702.639961312] [perception_node]: HEALTH {"component": "perception", "boot": "fad6caa1d2f241ddb5a0dba012fab9cf", "ready": true, "reason": "RGBD_READY; BOOK:NO_SEGMENTED_DEPTH_CANDIDATE", "active": "BOOK:BOOK:NO_SEGMENTED_DEPTH_CANDIDATE", "sim_time": 218.174, "clock_progress_age_wall": 0.0}[0m
[task_manager-9] [0m[INFO] [1789312704.873870810] [task_manager]: FAILED:MISSION:manipulation:FAILED:TUCK_ARMS:torso:CONTROLLER_RESULT:6:-4:Aborted due to path tolerance violation[0m
[navigation_node-8] [0m[INFO] [1789312705.564775963] [navigation_node]: HEALTH {"component": "navigation", "boot": "9d3f8ddfde8a4a91a3ee1e598f503937", "ready": true, "reason": "odom_joints_lasers_ready", "active": "IDLE", "sim_time": 219.406, "clock_progress_age_wall": 0.0}[0m
[task_manager-9] [0m[INFO] [1789312705.621211311] [task_manager]: HEALTH {"component": "task", "boot": "532c318b82d44537a99b7482727aa170", "ready": true, "reason": "ready", "active": "FAILED", "sim_time": 219.42800000000003, "clock_progress_age_wall": 0.0}[0m
[manipulation_node-7] [0m[INFO] [1789312707.818198380] [manipulation_node]: HEALTH {"component": "manipulation", "boot": "8ac49ea4cf99464989b284deccadba21", "ready": true, "reason": "controllers_kinematics_joints_scene_ready", "active": "IDLE:IDLE", "sim_time": 220.352, "clock_progress_age_wall": 0.0}[0m
[perception_node-6] [0m[INFO] [1789312708.390116462] [perception_node]: HEALTH {"component": "perception", "boot": "fad6caa1d2f241ddb5a0dba012fab9cf", "ready": true, "reason": "RGBD_READY; BOOK:NO_SEGMENTED_DEPTH_CANDIDATE", "active": "BOOK:BOOK:NO_SEGMENTED_DEPTH_CANDIDATE", "sim_time": 220.58, "clock_progress_age_wall": 0.0}[0m
[task_manager-9] [0m[INFO] [1789312709.973443828] [task_manager]: FAILED:MISSION:manipulation:FAILED:TUCK_ARMS:torso:CONTROLLER_RESULT:6:-4:Aborted due to path tolerance violation[0m
[task_manager-9] [0m[INFO] [1789312711.121002492] [task_manager]: HEALTH {"component": "task", "boot": "532c318b82d44537a99b7482727aa170", "ready": true, "reason": "ready", "active": "FAILED", "sim_time": 221.70200000000003, "clock_progress_age_wall": 0.0}[0m
[navigation_node-8] [0m[INFO] [1789312711.314534116] [navigation_node]: HEALTH {"component": "navigation", "boot": "9d3f8ddfde8a4a91a3ee1e598f503937", "ready": true, "reason": "odom_joints_lasers_ready", "active": "IDLE", "sim_time": 221.786, "clock_progress_age_wall": 0.0}[0m
[manipulation_node-7] [0m[INFO] [1789312713.317840522] [manipulation_node]: HEALTH {"component": "manipulation", "boot": "8ac49ea4cf99464989b284deccadba21", "ready": true, "reason": "controllers_kinematics_joints_scene_ready", "active": "IDLE:IDLE", "sim_time": 222.62800000000001, "clock_progress_age_wall": 0.0}[0m
[perception_node-6] [0m[INFO] [1789312714.139546090] [perception_node]: HEALTH {"component": "perception", "boot": "fad6caa1d2f241ddb5a0dba012fab9cf", "ready": true, "reason": "RGBD_READY; BOOK:NO_SEGMENTED_DEPTH_CANDIDATE", "active": "BOOK:BOOK:NO_SEGMENTED_DEPTH_CANDIDATE", "sim_time": 222.98600000000002, "clock_progress_age_wall": 0.0}[0m
[task_manager-9] [0m[INFO] [1789312715.072980008] [task_manager]: FAILED:MISSION:manipulation:FAILED:TUCK_ARMS:torso:CONTROLLER_RESULT:6:-4:Aborted due to path tolerance violation[0m
[navigation_node-8] [0m[INFO] [1789312717.064306340] [navigation_node]: HEALTH {"component": "navigation", "boot": "9d3f8ddfde8a4a91a3ee1e598f503937", "ready": true, "reason": "odom_joints_lasers_ready", "active": "IDLE", "sim_time": 224.204, "clock_progress_age_wall": 0.0}[0m
[task_manager-9] [0m[INFO] [1789312717.120577730] [task_manager]: HEALTH {"component": "task", "boot": "532c318b82d44537a99b7482727aa170", "ready": true, "reason": "ready", "active": "FAILED", "sim_time": 224.228, "clock_progress_age_wall": 0.0}[0m
[manipulation_node-7] [0m[INFO] [1789312719.067393102] [manipulation_node]: HEALTH {"component": "manipulation", "boot": "8ac49ea4cf99464989b284deccadba21", "ready": true, "reason": "controllers_kinematics_joints_scene_ready", "active": "IDLE:IDLE", "sim_time": 225.044, "clock_progress_age_wall": 0.0}[0m
[perception_node-6] [0m[INFO] [1789312720.139563190] [perception_node]: HEALTH {"component": "perception", "boot": "fad6caa1d2f241ddb5a0dba012fab9cf", "ready": true, "reason": "RGBD_READY; BOOK:NO_SEGMENTED_DEPTH_CANDIDATE", "active": "BOOK:BOOK:NO_SEGMENTED_DEPTH_CANDIDATE", "sim_time": 225.49400000000003, "clock_progress_age_wall": 0.0}[0m
[task_manager-9] [0m[INFO] [1789312720.173199898] [task_manager]: FAILED:MISSION:manipulation:FAILED:TUCK_ARMS:torso:CONTROLLER_RESULT:6:-4:Aborted due to path tolerance violation[0m
[navigation_node-8] [0m[INFO] [1789312723.064406141] [navigation_node]: HEALTH {"component": "navigation", "boot": "9d3f8ddfde8a4a91a3ee1e598f503937", "ready": true, "reason": "odom_joints_lasers_ready", "active": "IDLE", "sim_time": 226.70600000000002, "clock_progress_age_wall": 0.0}[0m
[task_manager-9] [0m[INFO] [1789312723.120411383] [task_manager]: HEALTH {"component": "task", "boot": "532c318b82d44537a99b7482727aa170", "ready": true, "reason": "ready", "active": "FAILED", "sim_time": 226.73200000000003, "clock_progress_age_wall": 0.0}[0m
[manipulation_node-7] [0m[INFO] [1789312725.068191428] [manipulation_node]: HEALTH {"component": "manipulation", "boot": "8ac49ea4cf99464989b284deccadba21", "ready": true, "reason": "controllers_kinematics_joints_scene_ready", "active": "IDLE:IDLE", "sim_time": 227.48000000000002, "clock_progress_age_wall": 0.0}[0m
[task_manager-9] [0m[INFO] [1789312725.273052691] [task_manager]: FAILED:MISSION:manipulation:FAILED:TUCK_ARMS:torso:CONTROLLER_RESULT:6:-4:Aborted due to path tolerance violation[0m
[perception_node-6] [0m[INFO] [1789312725.640153087] [perception_node]: HEALTH {"component": "perception", "boot": "fad6caa1d2f241ddb5a0dba012fab9cf", "ready": true, "reason": "RGBD_READY; BOOK:NO_SEGMENTED_DEPTH_CANDIDATE", "active": "BOOK:BOOK:NO_SEGMENTED_DEPTH_CANDIDATE", "sim_time": 227.674, "clock_progress_age_wall": 0.0}[0m
[navigation_node-8] [0m[INFO] [1789312728.813701772] [navigation_node]: HEALTH {"component": "navigation", "boot": "9d3f8ddfde8a4a91a3ee1e598f503937", "ready": true, "reason": "odom_joints_lasers_ready", "active": "IDLE", "sim_time": 228.79000000000002, "clock_progress_age_wall": 0.0}[0m
[task_manager-9] [0m[INFO] [1789312729.120591402] [task_manager]: HEALTH {"component": "task", "boot": "532c318b82d44537a99b7482727aa170", "ready": true, "reason": "ready", "active": "FAILED", "sim_time": 228.89600000000002, "clock_progress_age_wall": 0.0}[0m
[manipulation_node-7] [0m[INFO] [1789312730.319242513] [manipulation_node]: HEALTH {"component": "manipulation", "boot": "8ac49ea4cf99464989b284deccadba21", "ready": true, "reason": "controllers_kinematics_joints_scene_ready", "active": "IDLE:IDLE", "sim_time": 229.364, "clock_progress_age_wall": 0.0}[0m
[task_manager-9] [0m[INFO] [1789312730.372642500] [task_manager]: FAILED:MISSION:manipulation:FAILED:TUCK_ARMS:torso:CONTROLLER_RESULT:6:-4:Aborted due to path tolerance violation[0m
[perception_node-6] [0m[INFO] [1789312731.638958980] [perception_node]: HEALTH {"component": "perception", "boot": "fad6caa1d2f241ddb5a0dba012fab9cf", "ready": true, "reason": "RGBD_READY; BOOK:NO_SEGMENTED_DEPTH_CANDIDATE", "active": "BOOK:BOOK:NO_SEGMENTED_DEPTH_CANDIDATE", "sim_time": 229.894, "clock_progress_age_wall": 0.0}[0m
[gz-1] [INFO] [1789312732.159638912] [rclcpp]: signal_handler(SIGINT/SIGTERM)
[gz-1] [INFO] [1789312732.159770005] [controller_manager]: Shutdown request received....
[gz-1] [INFO] [1789312732.159887482] [controller_manager]: Shutting down all controllers in the controller manager.
[gz-1] [INFO] [1789312732.159939111] [controller_manager]: Deactivating controller 'gripper_left_controller_raw'
[gz-1] [INFO] [1789312732.160016427] [controller_manager]: Shutting down controller 'gripper_left_controller_raw'
[gz-1] [INFO] [1789312732.160086523] [controller_manager]: Deactivating controller 'arm_right_controller'
[gz-1] [INFO] [1789312732.160120945] [controller_manager]: Shutting down controller 'arm_right_controller'
[gz-1] [INFO] [1789312732.160149407] [controller_manager]: Deactivating controller 'arm_left_controller'
[gz-1] [INFO] [1789312732.160180852] [controller_manager]: Shutting down controller 'arm_left_controller'
[gz-1] [INFO] [1789312732.160210877] [controller_manager]: Deactivating controller 'gripper_right_controller_raw'
[gz-1] [INFO] [1789312732.160244207] [controller_manager]: Shutting down controller 'gripper_right_controller_raw'
[gz-1] [INFO] [1789312732.160275595] [controller_manager]: Deactivating controller 'torso_controller'
[gz-1] [INFO] [1789312732.160306410] [controller_manager]: Shutting down controller 'torso_controller'
[gz-1] [INFO] [1789312732.160333868] [controller_manager]: Deactivating controller 'joint_state_broadcaster'
[gz-1] [INFO] [1789312732.160372612] [controller_manager]: Shutting down controller 'joint_state_broadcaster'
[gz-1] [INFO] [1789312732.160398293] [controller_manager]: Deactivating controller 'head_controller'
[gz-1] [INFO] [1789312732.160426770] [controller_manager]: Shutting down controller 'head_controller'
[gz-1] [INFO] [1789312732.160484781] [resource_manager]: 'deactivate' hardware 'ros2_control_gazebo_system' 
[gz-1] [INFO] [1789312732.160511574] [resource_manager]: Successful 'deactivate' of hardware 'ros2_control_gazebo_system'
[gz-1] [INFO] [1789312732.160518169] [resource_manager]: 'shutdown' hardware 'ros2_control_gazebo_system' 
[gz-1] [INFO] [1789312732.160525257] [resource_manager]: Successful 'shutdown' of hardware 'ros2_control_gazebo_system'
[gz-1] [INFO] [1789312732.160531037] [controller_manager]: Shutting down the controller manager.
[INFO] [gz-1]: process has finished cleanly [pid 2522]
[INFO] [gripper_command_clamp.py-43]: sending signal 'SIGINT' to process[gripper_command_clamp.py-43]
[INFO] [task_manager-9]: sending signal 'SIGINT' to process[task_manager-9]
[INFO] [navigation_node-8]: sending signal 'SIGINT' to process[navigation_node-8]
[INFO] [manipulation_node-7]: sending signal 'SIGINT' to process[manipulation_node-7]
[INFO] [perception_node-6]: sending signal 'SIGINT' to process[perception_node-6]
[INFO] [parameter_bridge-5]: sending signal 'SIGINT' to process[parameter_bridge-5]
[INFO] [parameter_bridge-4]: sending signal 'SIGINT' to process[parameter_bridge-4]
[INFO] [parameter_bridge-3]: sending signal 'SIGINT' to process[parameter_bridge-3]
[INFO] [parameter_bridge-5]: process has finished cleanly [pid 2530]
[INFO] [robot_state_publisher-2]: sending signal 'SIGINT' to process[robot_state_publisher-2]
[INFO] [parameter_bridge-4]: process has finished cleanly [pid 2528]
[parameter_bridge-5] [INFO] [1789312732.758877592] [rclcpp]: signal_handler(SIGINT/SIGTERM)
[parameter_bridge-4] [INFO] [1789312732.765211385] [rclcpp]: signal_handler(SIGINT/SIGTERM)
[parameter_bridge-3] [INFO] [1789312732.772221718] [rclcpp]: signal_handler(SIGINT/SIGTERM)
[parameter_bridge-3] free(): corrupted unsorted chunks
[robot_state_publisher-2] [INFO] [1789312732.779058816] [rclcpp]: signal_handler(SIGINT/SIGTERM)
[ERROR] [parameter_bridge-3]: process has died [pid 2526, exit code -6, cmd '/opt/ros/humble/lib/ros_gz_bridge/parameter_bridge /clock@rosgraph_msgs/msg/Clock[gz.msgs.Clock /cmd_vel@geometry_msgs/msg/Twist]gz.msgs.Twist /odom@nav_msgs/msg/Odometry[gz.msgs.Odometry /odom_tf@tf2_msgs/msg/TFMessage[gz.msgs.Pose_V /scan_front_raw@sensor_msgs/msg/LaserScan[gz.msgs.LaserScan /scan_rear_raw@sensor_msgs/msg/LaserScan[gz.msgs.LaserScan /base_imu@sensor_msgs/msg/Imu[gz.msgs.IMU /world/erc_world/model/erc_collection_bin/link/collection_bin_base_link/sensor/bin_contact_sensor/contact@ros_gz_interfaces/msg/Contacts[gz.msgs.Contacts --ros-args --params-file /tmp/launch_params_fcmez6qw -r /odom_tf:=/tf -r /world/erc_world/model/erc_collection_bin/link/collection_bin_base_link/sensor/bin_contact_sensor/contact:=/bin_contacts'].
[INFO] [gripper_command_clamp.py-43]: process has finished cleanly [pid 3405]
[INFO] [task_manager-9]: process has finished cleanly [pid 2538]
[INFO] [robot_state_publisher-2]: process has finished cleanly [pid 2524]
[INFO] [navigation_node-8]: process has finished cleanly [pid 2536]
[INFO] [perception_node-6]: process has finished cleanly [pid 2532]
[INFO] [manipulation_node-7]: process has finished cleanly [pid 2534]
